================================================================================
 MOTION PREDICTION V8 ??TEMPORAL GRU + TRAJ REFINER + LATE-HORIZON LOSS
 Data Root:       E:\motion_planning\data\processed\prediction_pt_85k
 Output Dir:      .\checkpoints\v8_hardcls
 Resume Checkpoint: .\checkpoints\v6_temporal\best_error_score.pth
 Epochs:          20 (Batch: 32, LR: 0.0001)
 Neighbors/Map:   16 hist / 64 map pts
 Loss extras:     time_weight_end=2.5, weight_fde=0.75, cls=0.8, hard_cls=0.5
 aWTA:            tau 0.5->0.25, Top-2->1
 Workers/Prefetch: 8/4
 AMP:             bf16 (torch.bfloat16)
 Compute Device:  cuda (NVIDIA GeForce RTX 5080)
================================================================================
-> Detected 1 window(s) per pack
-> Train Scenes: 229653 | Val Scenes: 25725 | Train windows: 229653 | Val windows: 25725
-> Model params: 1.514M
-> Loading compatible weights from: .\checkpoints\v6_temporal\best_error_score.pth
-> Loaded 50/50 tensors (new layers stay random/zero)
-> Optimizer: AdamW fused=True
 [Epoch 01/20] Step [00050/7177] | Loss: 19.7332 | minADE6: 0.779m | minADE1: 1.428m | 2.9 steps/s | GPU -1% 102MB -1W | tau: 0.50, Top-2
 [Epoch 01/20] Step [00100/7177] | Loss: 19.6111 | minADE6: 0.805m | minADE1: 1.480m | 9.0 steps/s | GPU -1% 100MB -1W | tau: 0.50, Top-2
 [Epoch 01/20] Step [00150/7177] | Loss: 19.3974 | minADE6: 0.794m | minADE1: 1.468m | 9.3 steps/s | GPU -1% 102MB -1W | tau: 0.50, Top-2
 [Epoch 01/20] Step [00200/7177] | Loss: 19.8853 | minADE6: 0.818m | minADE1: 1.511m | 9.2 steps/s | GPU -1% 101MB -1W | tau: 0.50, Top-2
 [Epoch 01/20] Step [00400/7177] | Loss: 21.1223 | minADE6: 0.817m | minADE1: 1.507m | 9.2 steps/s | GPU -1% 100MB -1W | tau: 0.50, Top-2
 [Epoch 01/20] Step [00600/7177] | Loss: 20.4594 | minADE6: 0.812m | minADE1: 1.506m | 9.4 steps/s | GPU -1% 101MB -1W | tau: 0.50, Top-2
 [Epoch 01/20] Step [00800/7177] | Loss: 20.0221 | minADE6: 0.822m | minADE1: 1.491m | 9.0 steps/s | GPU -1% 101MB -1W | tau: 0.50, Top-2
 [Epoch 01/20] Step [01000/7177] | Loss: 20.3297 | minADE6: 0.815m | minADE1: 1.490m | 8.9 steps/s | GPU -1% 102MB -1W | tau: 0.50, Top-2
 [Epoch 01/20] Step [01200/7177] | Loss: 20.5202 | minADE6: 0.813m | minADE1: 1.485m | 8.9 steps/s | GPU -1% 100MB -1W | tau: 0.50, Top-2
 [Epoch 01/20] Step [01400/7177] | Loss: 21.0435 | minADE6: 0.817m | minADE1: 1.483m | 8.7 steps/s | GPU -1% 102MB -1W | tau: 0.50, Top-2
 [Epoch 01/20] Step [01600/7177] | Loss: 20.4719 | minADE6: 0.824m | minADE1: 1.498m | 8.9 steps/s | GPU -1% 102MB -1W | tau: 0.50, Top-2
 [Epoch 01/20] Step [01800/7177] | Loss: 20.0867 | minADE6: 0.818m | minADE1: 1.476m | 9.7 steps/s | GPU -1% 102MB -1W | tau: 0.50, Top-2
 [Epoch 01/20] Step [02000/7177] | Loss: 21.1241 | minADE6: 0.811m | minADE1: 1.455m | 9.8 steps/s | GPU -1% 102MB -1W | tau: 0.50, Top-2
 [Epoch 01/20] Step [02200/7177] | Loss: 20.8071 | minADE6: 0.817m | minADE1: 1.488m | 10.0 steps/s | GPU -1% 102MB -1W | tau: 0.50, Top-2
 [Epoch 01/20] Step [02400/7177] | Loss: 20.2997 | minADE6: 0.822m | minADE1: 1.488m | 9.9 steps/s | GPU -1% 103MB -1W | tau: 0.50, Top-2
 [Epoch 01/20] Step [02600/7177] | Loss: 21.1041 | minADE6: 0.815m | minADE1: 1.476m | 10.2 steps/s | GPU -1% 100MB -1W | tau: 0.50, Top-2
 [Epoch 01/20] Step [02800/7177] | Loss: 18.6241 | minADE6: 0.812m | minADE1: 1.490m | 10.2 steps/s | GPU -1% 101MB -1W | tau: 0.50, Top-2
 [Epoch 01/20] Step [03000/7177] | Loss: 20.5313 | minADE6: 0.818m | minADE1: 1.488m | 10.2 steps/s | GPU -1% 102MB -1W | tau: 0.50, Top-2
 [Epoch 01/20] Step [03200/7177] | Loss: 21.0815 | minADE6: 0.805m | minADE1: 1.473m | 10.4 steps/s | GPU -1% 103MB -1W | tau: 0.50, Top-2
 [Epoch 01/20] Step [03400/7177] | Loss: 20.2031 | minADE6: 0.813m | minADE1: 1.498m | 10.3 steps/s | GPU -1% 101MB -1W | tau: 0.50, Top-2
 [Epoch 01/20] Step [03600/7177] | Loss: 19.1319 | minADE6: 0.804m | minADE1: 1.454m | 10.1 steps/s | GPU -1% 103MB -1W | tau: 0.50, Top-2
 [Epoch 01/20] Step [03800/7177] | Loss: 19.8938 | minADE6: 0.825m | minADE1: 1.521m | 10.4 steps/s | GPU -1% 100MB -1W | tau: 0.50, Top-2
 [Epoch 01/20] Step [04000/7177] | Loss: 19.9314 | minADE6: 0.810m | minADE1: 1.478m | 10.4 steps/s | GPU -1% 102MB -1W | tau: 0.50, Top-2
 [Epoch 01/20] Step [04200/7177] | Loss: 20.4412 | minADE6: 0.808m | minADE1: 1.476m | 10.3 steps/s | GPU -1% 103MB -1W | tau: 0.50, Top-2
 [Epoch 01/20] Step [04400/7177] | Loss: 21.4420 | minADE6: 0.822m | minADE1: 1.503m | 10.3 steps/s | GPU -1% 102MB -1W | tau: 0.50, Top-2
 [Epoch 01/20] Step [04600/7177] | Loss: 21.4225 | minADE6: 0.813m | minADE1: 1.493m | 10.1 steps/s | GPU -1% 100MB -1W | tau: 0.50, Top-2
 [Epoch 01/20] Step [04800/7177] | Loss: 20.8772 | minADE6: 0.822m | minADE1: 1.495m | 9.5 steps/s | GPU -1% 100MB -1W | tau: 0.50, Top-2
 [Epoch 01/20] Step [05000/7177] | Loss: 20.7810 | minADE6: 0.789m | minADE1: 1.430m | 9.6 steps/s | GPU -1% 101MB -1W | tau: 0.50, Top-2
 [Epoch 01/20] Step [05200/7177] | Loss: 21.3574 | minADE6: 0.801m | minADE1: 1.435m | 9.8 steps/s | GPU -1% 102MB -1W | tau: 0.50, Top-2
 [Epoch 01/20] Step [05400/7177] | Loss: 19.5895 | minADE6: 0.820m | minADE1: 1.485m | 9.8 steps/s | GPU -1% 101MB -1W | tau: 0.50, Top-2
 [Epoch 01/20] Step [05600/7177] | Loss: 21.9437 | minADE6: 0.834m | minADE1: 1.509m | 9.9 steps/s | GPU -1% 101MB -1W | tau: 0.50, Top-2
 [Epoch 01/20] Step [05800/7177] | Loss: 20.7273 | minADE6: 0.820m | minADE1: 1.472m | 10.0 steps/s | GPU -1% 103MB -1W | tau: 0.50, Top-2
 [Epoch 01/20] Step [06000/7177] | Loss: 20.6751 | minADE6: 0.812m | minADE1: 1.480m | 9.7 steps/s | GPU -1% 102MB -1W | tau: 0.50, Top-2
 [Epoch 01/20] Step [06200/7177] | Loss: 19.4228 | minADE6: 0.815m | minADE1: 1.484m | 9.7 steps/s | GPU -1% 101MB -1W | tau: 0.50, Top-2
 [Epoch 01/20] Step [06400/7177] | Loss: 20.3594 | minADE6: 0.823m | minADE1: 1.512m | 9.7 steps/s | GPU -1% 101MB -1W | tau: 0.50, Top-2
 [Epoch 01/20] Step [06600/7177] | Loss: 20.1350 | minADE6: 0.798m | minADE1: 1.464m | 9.7 steps/s | GPU -1% 103MB -1W | tau: 0.50, Top-2
 [Epoch 01/20] Step [06800/7177] | Loss: 20.9175 | minADE6: 0.823m | minADE1: 1.510m | 9.8 steps/s | GPU -1% 101MB -1W | tau: 0.50, Top-2
 [Epoch 01/20] Step [07000/7177] | Loss: 21.4132 | minADE6: 0.826m | minADE1: 1.517m | 10.0 steps/s | GPU -1% 102MB -1W | tau: 0.50, Top-2
Epoch 01/20 (748.9s, 7177 steps) | Train Loss: 20.5083, minADE6: 0.814m, minADE1: 1.485m | Val Loss: 21.0466, val_minADE6: 0.8281m, val_minADE1: 1.5041m, val_minFDE6: 13.2323m, Error Score: 1.1661
[NEW BEST Error Score]: 1.1661 saved!
[NEW BEST minADE6]: 0.8281m saved!
 [Epoch 02/20] Step [00050/7177] | Loss: 21.1558 | minADE6: 0.833m | minADE1: 1.509m | 8.2 steps/s | GPU -1% 101MB -1W | tau: 0.48, Top-2
 [Epoch 02/20] Step [00100/7177] | Loss: 21.1661 | minADE6: 0.819m | minADE1: 1.490m | 9.8 steps/s | GPU -1% 100MB -1W | tau: 0.48, Top-2
 [Epoch 02/20] Step [00150/7177] | Loss: 20.9681 | minADE6: 0.811m | minADE1: 1.463m | 10.0 steps/s | GPU -1% 101MB -1W | tau: 0.48, Top-2
 [Epoch 02/20] Step [00200/7177] | Loss: 21.6560 | minADE6: 0.849m | minADE1: 1.509m | 9.6 steps/s | GPU -1% 100MB -1W | tau: 0.48, Top-2
 [Epoch 02/20] Step [00400/7177] | Loss: 21.7049 | minADE6: 0.825m | minADE1: 1.504m | 9.4 steps/s | GPU -1% 100MB -1W | tau: 0.48, Top-2
 [Epoch 02/20] Step [00600/7177] | Loss: 20.8519 | minADE6: 0.814m | minADE1: 1.491m | 9.6 steps/s | GPU -1% 102MB -1W | tau: 0.48, Top-2
 [Epoch 02/20] Step [00800/7177] | Loss: 20.1650 | minADE6: 0.824m | minADE1: 1.501m | 9.7 steps/s | GPU -1% 103MB -1W | tau: 0.48, Top-2
 [Epoch 02/20] Step [01000/7177] | Loss: 20.2955 | minADE6: 0.828m | minADE1: 1.511m | 9.7 steps/s | GPU -1% 101MB -1W | tau: 0.48, Top-2
 [Epoch 02/20] Step [01200/7177] | Loss: 20.2282 | minADE6: 0.827m | minADE1: 1.495m | 9.9 steps/s | GPU -1% 102MB -1W | tau: 0.48, Top-2
 [Epoch 02/20] Step [01400/7177] | Loss: 20.5542 | minADE6: 0.828m | minADE1: 1.478m | 9.6 steps/s | GPU -1% 101MB -1W | tau: 0.48, Top-2
 [Epoch 02/20] Step [01600/7177] | Loss: 20.1539 | minADE6: 0.834m | minADE1: 1.490m | 9.5 steps/s | GPU -1% 101MB -1W | tau: 0.48, Top-2
 [Epoch 02/20] Step [01800/7177] | Loss: 21.3030 | minADE6: 0.846m | minADE1: 1.539m | 9.6 steps/s | GPU -1% 101MB -1W | tau: 0.48, Top-2
 [Epoch 02/20] Step [02000/7177] | Loss: 19.0577 | minADE6: 0.833m | minADE1: 1.488m | 9.9 steps/s | GPU -1% 101MB -1W | tau: 0.48, Top-2
 [Epoch 02/20] Step [02200/7177] | Loss: 19.2087 | minADE6: 0.816m | minADE1: 1.489m | 9.8 steps/s | GPU -1% 100MB -1W | tau: 0.48, Top-2
 [Epoch 02/20] Step [02400/7177] | Loss: 20.4572 | minADE6: 0.815m | minADE1: 1.489m | 10.0 steps/s | GPU -1% 101MB -1W | tau: 0.48, Top-2
 [Epoch 02/20] Step [02600/7177] | Loss: 20.9075 | minADE6: 0.820m | minADE1: 1.483m | 10.2 steps/s | GPU -1% 101MB -1W | tau: 0.48, Top-2
 [Epoch 02/20] Step [02800/7177] | Loss: 19.5983 | minADE6: 0.817m | minADE1: 1.479m | 10.2 steps/s | GPU -1% 102MB -1W | tau: 0.48, Top-2
 [Epoch 02/20] Step [03000/7177] | Loss: 20.3941 | minADE6: 0.809m | minADE1: 1.479m | 10.4 steps/s | GPU -1% 101MB -1W | tau: 0.48, Top-2
 [Epoch 02/20] Step [03200/7177] | Loss: 20.6230 | minADE6: 0.812m | minADE1: 1.474m | 10.4 steps/s | GPU -1% 101MB -1W | tau: 0.48, Top-2
 [Epoch 02/20] Step [03400/7177] | Loss: 21.0411 | minADE6: 0.829m | minADE1: 1.506m | 10.4 steps/s | GPU -1% 102MB -1W | tau: 0.48, Top-2
 [Epoch 02/20] Step [03600/7177] | Loss: 20.2045 | minADE6: 0.828m | minADE1: 1.531m | 10.5 steps/s | GPU -1% 101MB -1W | tau: 0.48, Top-2
 [Epoch 02/20] Step [03800/7177] | Loss: 20.7128 | minADE6: 0.829m | minADE1: 1.510m | 10.6 steps/s | GPU -1% 102MB -1W | tau: 0.48, Top-2
 [Epoch 02/20] Step [04000/7177] | Loss: 21.7721 | minADE6: 0.823m | minADE1: 1.499m | 10.5 steps/s | GPU -1% 101MB -1W | tau: 0.48, Top-2
 [Epoch 02/20] Step [04200/7177] | Loss: 20.6402 | minADE6: 0.823m | minADE1: 1.516m | 10.6 steps/s | GPU -1% 101MB -1W | tau: 0.48, Top-2
 [Epoch 02/20] Step [04400/7177] | Loss: 21.3271 | minADE6: 0.831m | minADE1: 1.495m | 10.4 steps/s | GPU -1% 101MB -1W | tau: 0.48, Top-2
 [Epoch 02/20] Step [04600/7177] | Loss: 21.1637 | minADE6: 0.834m | minADE1: 1.486m | 9.8 steps/s | GPU -1% 101MB -1W | tau: 0.48, Top-2
 [Epoch 02/20] Step [04800/7177] | Loss: 19.5579 | minADE6: 0.842m | minADE1: 1.536m | 9.7 steps/s | GPU -1% 100MB -1W | tau: 0.48, Top-2
 [Epoch 02/20] Step [05000/7177] | Loss: 21.4610 | minADE6: 0.803m | minADE1: 1.452m | 9.6 steps/s | GPU -1% 102MB -1W | tau: 0.48, Top-2
 [Epoch 02/20] Step [05200/7177] | Loss: 19.3384 | minADE6: 0.839m | minADE1: 1.512m | 9.9 steps/s | GPU -1% 101MB -1W | tau: 0.48, Top-2
 [Epoch 02/20] Step [05400/7177] | Loss: 20.8752 | minADE6: 0.819m | minADE1: 1.475m | 9.8 steps/s | GPU -1% 101MB -1W | tau: 0.48, Top-2
 [Epoch 02/20] Step [05600/7177] | Loss: 19.7260 | minADE6: 0.836m | minADE1: 1.502m | 9.7 steps/s | GPU -1% 103MB -1W | tau: 0.48, Top-2
 [Epoch 02/20] Step [05800/7177] | Loss: 20.2270 | minADE6: 0.838m | minADE1: 1.507m | 9.9 steps/s | GPU -1% 102MB -1W | tau: 0.48, Top-2
 [Epoch 02/20] Step [06000/7177] | Loss: 20.1169 | minADE6: 0.827m | minADE1: 1.494m | 9.6 steps/s | GPU -1% 101MB -1W | tau: 0.48, Top-2
 [Epoch 02/20] Step [06200/7177] | Loss: 20.9294 | minADE6: 0.809m | minADE1: 1.469m | 9.7 steps/s | GPU -1% 102MB -1W | tau: 0.48, Top-2
 [Epoch 02/20] Step [06400/7177] | Loss: 20.9854 | minADE6: 0.825m | minADE1: 1.500m | 9.9 steps/s | GPU -1% 102MB -1W | tau: 0.48, Top-2
 [Epoch 02/20] Step [06600/7177] | Loss: 19.6770 | minADE6: 0.835m | minADE1: 1.534m | 9.9 steps/s | GPU -1% 101MB -1W | tau: 0.48, Top-2
 [Epoch 02/20] Step [06800/7177] | Loss: 20.0644 | minADE6: 0.834m | minADE1: 1.497m | 9.5 steps/s | GPU -1% 101MB -1W | tau: 0.48, Top-2
 [Epoch 02/20] Step [07000/7177] | Loss: 21.5580 | minADE6: 0.850m | minADE1: 1.514m | 9.6 steps/s | GPU -1% 101MB -1W | tau: 0.48, Top-2
Epoch 02/20 (725.3s, 7177 steps) | Train Loss: 20.5110, minADE6: 0.827m, minADE1: 1.498m | Val Loss: 21.1172, val_minADE6: 0.8435m, val_minADE1: 1.5519m, val_minFDE6: 13.2751m, Error Score: 1.1977
 [Epoch 03/20] Step [00050/7177] | Loss: 22.6664 | minADE6: 0.823m | minADE1: 1.494m | 7.7 steps/s | GPU -1% 100MB -1W | tau: 0.46, Top-2
 [Epoch 03/20] Step [00100/7177] | Loss: 19.4799 | minADE6: 0.815m | minADE1: 1.454m | 9.1 steps/s | GPU -1% 102MB -1W | tau: 0.46, Top-2
 [Epoch 03/20] Step [00150/7177] | Loss: 20.2087 | minADE6: 0.856m | minADE1: 1.513m | 9.1 steps/s | GPU -1% 101MB -1W | tau: 0.46, Top-2
 [Epoch 03/20] Step [00200/7177] | Loss: 18.4627 | minADE6: 0.829m | minADE1: 1.475m | 9.2 steps/s | GPU -1% 101MB -1W | tau: 0.46, Top-2
 [Epoch 03/20] Step [00400/7177] | Loss: 20.5872 | minADE6: 0.829m | minADE1: 1.487m | 8.8 steps/s | GPU -1% 101MB -1W | tau: 0.46, Top-2
 [Epoch 03/20] Step [00600/7177] | Loss: 19.5269 | minADE6: 0.807m | minADE1: 1.453m | 8.9 steps/s | GPU -1% 100MB -1W | tau: 0.46, Top-2
 [Epoch 03/20] Step [00800/7177] | Loss: 21.5503 | minADE6: 0.828m | minADE1: 1.490m | 8.5 steps/s | GPU -1% 101MB -1W | tau: 0.46, Top-2
 [Epoch 03/20] Step [01000/7177] | Loss: 20.0567 | minADE6: 0.807m | minADE1: 1.442m | 9.1 steps/s | GPU -1% 101MB -1W | tau: 0.46, Top-2
 [Epoch 03/20] Step [01200/7177] | Loss: 20.1530 | minADE6: 0.821m | minADE1: 1.466m | 9.4 steps/s | GPU -1% 101MB -1W | tau: 0.46, Top-2
 [Epoch 03/20] Step [01400/7177] | Loss: 20.9976 | minADE6: 0.809m | minADE1: 1.447m | 9.5 steps/s | GPU -1% 100MB -1W | tau: 0.46, Top-2
 [Epoch 03/20] Step [01600/7177] | Loss: 20.1337 | minADE6: 0.828m | minADE1: 1.502m | 9.0 steps/s | GPU -1% 100MB -1W | tau: 0.46, Top-2
 [Epoch 03/20] Step [01800/7177] | Loss: 20.4098 | minADE6: 0.824m | minADE1: 1.489m | 9.1 steps/s | GPU -1% 99MB -1W | tau: 0.46, Top-2
 [Epoch 03/20] Step [02000/7177] | Loss: 20.1599 | minADE6: 0.826m | minADE1: 1.491m | 9.2 steps/s | GPU -1% 100MB -1W | tau: 0.46, Top-2
 [Epoch 03/20] Step [02200/7177] | Loss: 20.6731 | minADE6: 0.832m | minADE1: 1.487m | 9.5 steps/s | GPU -1% 99MB -1W | tau: 0.46, Top-2
 [Epoch 03/20] Step [02400/7177] | Loss: 21.1705 | minADE6: 0.831m | minADE1: 1.505m | 9.4 steps/s | GPU -1% 101MB -1W | tau: 0.46, Top-2
 [Epoch 03/20] Step [02600/7177] | Loss: 19.3709 | minADE6: 0.830m | minADE1: 1.485m | 9.6 steps/s | GPU -1% 102MB -1W | tau: 0.46, Top-2
 [Epoch 03/20] Step [02800/7177] | Loss: 20.0699 | minADE6: 0.811m | minADE1: 1.460m | 9.4 steps/s | GPU -1% 101MB -1W | tau: 0.46, Top-2
 [Epoch 03/20] Step [03000/7177] | Loss: 20.9492 | minADE6: 0.825m | minADE1: 1.495m | 9.3 steps/s | GPU -1% 101MB -1W | tau: 0.46, Top-2
 [Epoch 03/20] Step [03200/7177] | Loss: 21.1833 | minADE6: 0.823m | minADE1: 1.502m | 9.1 steps/s | GPU -1% 101MB -1W | tau: 0.46, Top-2
 [Epoch 03/20] Step [03400/7177] | Loss: 22.1348 | minADE6: 0.823m | minADE1: 1.483m | 9.1 steps/s | GPU -1% 101MB -1W | tau: 0.46, Top-2
 [Epoch 03/20] Step [03600/7177] | Loss: 20.0058 | minADE6: 0.825m | minADE1: 1.487m | 9.1 steps/s | GPU -1% 102MB -1W | tau: 0.46, Top-2
 [Epoch 03/20] Step [03800/7177] | Loss: 21.2853 | minADE6: 0.817m | minADE1: 1.474m | 9.3 steps/s | GPU -1% 102MB -1W | tau: 0.46, Top-2
 [Epoch 03/20] Step [04000/7177] | Loss: 20.0808 | minADE6: 0.821m | minADE1: 1.482m | 9.3 steps/s | GPU -1% 101MB -1W | tau: 0.46, Top-2
 [Epoch 03/20] Step [04200/7177] | Loss: 20.1510 | minADE6: 0.815m | minADE1: 1.483m | 8.8 steps/s | GPU -1% 102MB -1W | tau: 0.46, Top-2
 [Epoch 03/20] Step [04400/7177] | Loss: 21.7060 | minADE6: 0.843m | minADE1: 1.509m | 9.2 steps/s | GPU -1% 101MB -1W | tau: 0.46, Top-2
 [Epoch 03/20] Step [04600/7177] | Loss: 18.9051 | minADE6: 0.818m | minADE1: 1.485m | 8.6 steps/s | GPU -1% 101MB -1W | tau: 0.46, Top-2
 [Epoch 03/20] Step [04800/7177] | Loss: 20.2607 | minADE6: 0.826m | minADE1: 1.488m | 8.4 steps/s | GPU -1% 102MB -1W | tau: 0.46, Top-2
 [Epoch 03/20] Step [05000/7177] | Loss: 20.5832 | minADE6: 0.830m | minADE1: 1.494m | 8.4 steps/s | GPU -1% 101MB -1W | tau: 0.46, Top-2
 [Epoch 03/20] Step [05200/7177] | Loss: 20.7152 | minADE6: 0.825m | minADE1: 1.490m | 8.6 steps/s | GPU -1% 102MB -1W | tau: 0.46, Top-2
 [Epoch 03/20] Step [05400/7177] | Loss: 20.7184 | minADE6: 0.805m | minADE1: 1.472m | 8.6 steps/s | GPU -1% 102MB -1W | tau: 0.46, Top-2
 [Epoch 03/20] Step [05600/7177] | Loss: 22.0534 | minADE6: 0.821m | minADE1: 1.462m | 9.2 steps/s | GPU -1% 102MB -1W | tau: 0.46, Top-2
 [Epoch 03/20] Step [05800/7177] | Loss: 19.3901 | minADE6: 0.830m | minADE1: 1.491m | 9.1 steps/s | GPU -1% 101MB -1W | tau: 0.46, Top-2
 [Epoch 03/20] Step [06000/7177] | Loss: 21.2656 | minADE6: 0.839m | minADE1: 1.494m | 9.1 steps/s | GPU -1% 102MB -1W | tau: 0.46, Top-2
 [Epoch 03/20] Step [06200/7177] | Loss: 20.7567 | minADE6: 0.841m | minADE1: 1.489m | 9.3 steps/s | GPU -1% 101MB -1W | tau: 0.46, Top-2
 [Epoch 03/20] Step [06400/7177] | Loss: 20.3573 | minADE6: 0.840m | minADE1: 1.502m | 9.6 steps/s | GPU -1% 101MB -1W | tau: 0.46, Top-2
 [Epoch 03/20] Step [06600/7177] | Loss: 20.9167 | minADE6: 0.856m | minADE1: 1.551m | 9.7 steps/s | GPU -1% 101MB -1W | tau: 0.46, Top-2
 [Epoch 03/20] Step [06800/7177] | Loss: 21.1556 | minADE6: 0.845m | minADE1: 1.516m | 9.6 steps/s | GPU -1% 101MB -1W | tau: 0.46, Top-2
 [Epoch 03/20] Step [07000/7177] | Loss: 20.2302 | minADE6: 0.827m | minADE1: 1.485m | 9.7 steps/s | GPU -1% 100MB -1W | tau: 0.46, Top-2
Epoch 03/20 (786.2s, 7177 steps) | Train Loss: 20.5786, minADE6: 0.826m, minADE1: 1.486m | Val Loss: 21.4205, val_minADE6: 0.9195m, val_minADE1: 1.6816m, val_minFDE6: 13.4947m, Error Score: 1.3005
 [Epoch 04/20] Step [00050/7177] | Loss: 20.4931 | minADE6: 0.847m | minADE1: 1.538m | 7.9 steps/s | GPU -1% 101MB -1W | tau: 0.45, Top-2
 [Epoch 04/20] Step [00100/7177] | Loss: 20.5071 | minADE6: 0.842m | minADE1: 1.507m | 9.7 steps/s | GPU -1% 100MB -1W | tau: 0.45, Top-2
 [Epoch 04/20] Step [00150/7177] | Loss: 22.2289 | minADE6: 0.831m | minADE1: 1.468m | 9.4 steps/s | GPU -1% 100MB -1W | tau: 0.45, Top-2
 [Epoch 04/20] Step [00200/7177] | Loss: 20.6378 | minADE6: 0.865m | minADE1: 1.566m | 9.6 steps/s | GPU -1% 102MB -1W | tau: 0.45, Top-2
 [Epoch 04/20] Step [00400/7177] | Loss: 20.5172 | minADE6: 0.827m | minADE1: 1.492m | 9.2 steps/s | GPU -1% 101MB -1W | tau: 0.45, Top-2
 [Epoch 04/20] Step [00600/7177] | Loss: 21.5252 | minADE6: 0.823m | minADE1: 1.489m | 9.5 steps/s | GPU -1% 102MB -1W | tau: 0.45, Top-2
 [Epoch 04/20] Step [00800/7177] | Loss: 20.4852 | minADE6: 0.843m | minADE1: 1.527m | 9.5 steps/s | GPU -1% 101MB -1W | tau: 0.45, Top-2
 [Epoch 04/20] Step [01000/7177] | Loss: 20.4391 | minADE6: 0.830m | minADE1: 1.468m | 9.5 steps/s | GPU -1% 101MB -1W | tau: 0.45, Top-2
 [Epoch 04/20] Step [01200/7177] | Loss: 21.0721 | minADE6: 0.836m | minADE1: 1.494m | 9.2 steps/s | GPU -1% 100MB -1W | tau: 0.45, Top-2
 [Epoch 04/20] Step [01400/7177] | Loss: 20.0702 | minADE6: 0.835m | minADE1: 1.492m | 9.3 steps/s | GPU -1% 101MB -1W | tau: 0.45, Top-2
 [Epoch 04/20] Step [01600/7177] | Loss: 20.8393 | minADE6: 0.834m | minADE1: 1.498m | 9.6 steps/s | GPU -1% 101MB -1W | tau: 0.45, Top-2
 [Epoch 04/20] Step [01800/7177] | Loss: 20.1795 | minADE6: 0.829m | minADE1: 1.485m | 9.3 steps/s | GPU -1% 101MB -1W | tau: 0.45, Top-2
 [Epoch 04/20] Step [02000/7177] | Loss: 19.9046 | minADE6: 0.824m | minADE1: 1.472m | 9.4 steps/s | GPU -1% 101MB -1W | tau: 0.45, Top-2
 [Epoch 04/20] Step [02200/7177] | Loss: 20.1922 | minADE6: 0.840m | minADE1: 1.509m | 9.2 steps/s | GPU -1% 101MB -1W | tau: 0.45, Top-2
 [Epoch 04/20] Step [02400/7177] | Loss: 21.2046 | minADE6: 0.839m | minADE1: 1.530m | 9.5 steps/s | GPU -1% 102MB -1W | tau: 0.45, Top-2
 [Epoch 04/20] Step [02600/7177] | Loss: 19.5036 | minADE6: 0.818m | minADE1: 1.486m | 9.4 steps/s | GPU -1% 102MB -1W | tau: 0.45, Top-2
 [Epoch 04/20] Step [02800/7177] | Loss: 20.7523 | minADE6: 0.815m | minADE1: 1.481m | 9.4 steps/s | GPU -1% 100MB -1W | tau: 0.45, Top-2
 [Epoch 04/20] Step [03000/7177] | Loss: 20.3541 | minADE6: 0.820m | minADE1: 1.502m | 9.6 steps/s | GPU -1% 101MB -1W | tau: 0.45, Top-2
 [Epoch 04/20] Step [03200/7177] | Loss: 20.2082 | minADE6: 0.821m | minADE1: 1.481m | 9.7 steps/s | GPU -1% 102MB -1W | tau: 0.45, Top-2
 [Epoch 04/20] Step [03400/7177] | Loss: 20.2707 | minADE6: 0.807m | minADE1: 1.457m | 9.2 steps/s | GPU -1% 102MB -1W | tau: 0.45, Top-2
 [Epoch 04/20] Step [03600/7177] | Loss: 21.0856 | minADE6: 0.821m | minADE1: 1.494m | 9.4 steps/s | GPU -1% 102MB -1W | tau: 0.45, Top-2
 [Epoch 04/20] Step [03800/7177] | Loss: 20.8821 | minADE6: 0.810m | minADE1: 1.461m | 9.7 steps/s | GPU -1% 100MB -1W | tau: 0.45, Top-2
 [Epoch 04/20] Step [04000/7177] | Loss: 19.7649 | minADE6: 0.812m | minADE1: 1.468m | 9.5 steps/s | GPU -1% 102MB -1W | tau: 0.45, Top-2
 [Epoch 04/20] Step [04200/7177] | Loss: 20.1351 | minADE6: 0.810m | minADE1: 1.453m | 9.4 steps/s | GPU -1% 102MB -1W | tau: 0.45, Top-2
 [Epoch 04/20] Step [04400/7177] | Loss: 20.2986 | minADE6: 0.815m | minADE1: 1.480m | 9.5 steps/s | GPU -1% 104MB -1W | tau: 0.45, Top-2
 [Epoch 04/20] Step [04600/7177] | Loss: 20.8635 | minADE6: 0.812m | minADE1: 1.471m | 9.5 steps/s | GPU -1% 101MB -1W | tau: 0.45, Top-2
 [Epoch 04/20] Step [04800/7177] | Loss: 20.2441 | minADE6: 0.821m | minADE1: 1.463m | 9.6 steps/s | GPU -1% 101MB -1W | tau: 0.45, Top-2
 [Epoch 04/20] Step [05000/7177] | Loss: 21.0616 | minADE6: 0.822m | minADE1: 1.483m | 9.9 steps/s | GPU -1% 102MB -1W | tau: 0.45, Top-2
 [Epoch 04/20] Step [05200/7177] | Loss: 21.5620 | minADE6: 0.834m | minADE1: 1.482m | 9.9 steps/s | GPU -1% 100MB -1W | tau: 0.45, Top-2
 [Epoch 04/20] Step [05400/7177] | Loss: 20.3070 | minADE6: 0.833m | minADE1: 1.485m | 9.8 steps/s | GPU -1% 101MB -1W | tau: 0.45, Top-2
 [Epoch 04/20] Step [05600/7177] | Loss: 20.6298 | minADE6: 0.839m | minADE1: 1.515m | 9.9 steps/s | GPU -1% 101MB -1W | tau: 0.45, Top-2
 [Epoch 04/20] Step [05800/7177] | Loss: 20.2500 | minADE6: 0.835m | minADE1: 1.495m | 9.3 steps/s | GPU -1% 99MB -1W | tau: 0.45, Top-2
 [Epoch 04/20] Step [06000/7177] | Loss: 21.2038 | minADE6: 0.830m | minADE1: 1.472m | 9.4 steps/s | GPU -1% 102MB -1W | tau: 0.45, Top-2
 [Epoch 04/20] Step [06200/7177] | Loss: 20.9151 | minADE6: 0.833m | minADE1: 1.486m | 9.6 steps/s | GPU -1% 102MB -1W | tau: 0.45, Top-2
 [Epoch 04/20] Step [06400/7177] | Loss: 20.9482 | minADE6: 0.836m | minADE1: 1.521m | 9.2 steps/s | GPU -1% 101MB -1W | tau: 0.45, Top-2
 [Epoch 04/20] Step [06600/7177] | Loss: 20.6475 | minADE6: 0.840m | minADE1: 1.514m | 9.3 steps/s | GPU -1% 100MB -1W | tau: 0.45, Top-2
 [Epoch 04/20] Step [06800/7177] | Loss: 20.6708 | minADE6: 0.840m | minADE1: 1.529m | 9.3 steps/s | GPU -1% 102MB -1W | tau: 0.45, Top-2
 [Epoch 04/20] Step [07000/7177] | Loss: 19.7813 | minADE6: 0.832m | minADE1: 1.474m | 9.4 steps/s | GPU -1% 102MB -1W | tau: 0.45, Top-2
Epoch 04/20 (758.6s, 7177 steps) | Train Loss: 20.5660, minADE6: 0.828m, minADE1: 1.489m | Val Loss: 21.1945, val_minADE6: 0.8608m, val_minADE1: 1.5527m, val_minFDE6: 13.3522m, Error Score: 1.2068
 [Epoch 05/20] Step [00050/7177] | Loss: 21.2866 | minADE6: 0.866m | minADE1: 1.534m | 8.1 steps/s | GPU -1% 101MB -1W | tau: 0.43, Top-2
 [Epoch 05/20] Step [00100/7177] | Loss: 20.6077 | minADE6: 0.825m | minADE1: 1.491m | 9.8 steps/s | GPU -1% 104MB -1W | tau: 0.43, Top-2
 [Epoch 05/20] Step [00150/7177] | Loss: 19.9637 | minADE6: 0.828m | minADE1: 1.493m | 9.4 steps/s | GPU -1% 100MB -1W | tau: 0.43, Top-2
 [Epoch 05/20] Step [00200/7177] | Loss: 20.5808 | minADE6: 0.807m | minADE1: 1.459m | 9.9 steps/s | GPU -1% 101MB -1W | tau: 0.43, Top-2
 [Epoch 05/20] Step [00400/7177] | Loss: 19.5776 | minADE6: 0.839m | minADE1: 1.496m | 9.5 steps/s | GPU -1% 101MB -1W | tau: 0.43, Top-2
 [Epoch 05/20] Step [00600/7177] | Loss: 22.1914 | minADE6: 0.848m | minADE1: 1.507m | 9.2 steps/s | GPU -1% 102MB -1W | tau: 0.43, Top-2
 [Epoch 05/20] Step [00800/7177] | Loss: 19.9042 | minADE6: 0.833m | minADE1: 1.486m | 9.4 steps/s | GPU -1% 100MB -1W | tau: 0.43, Top-2
 [Epoch 05/20] Step [01000/7177] | Loss: 20.1383 | minADE6: 0.833m | minADE1: 1.481m | 9.4 steps/s | GPU -1% 101MB -1W | tau: 0.43, Top-2
 [Epoch 05/20] Step [01200/7177] | Loss: 22.0003 | minADE6: 0.820m | minADE1: 1.472m | 9.4 steps/s | GPU -1% 101MB -1W | tau: 0.43, Top-2
 [Epoch 05/20] Step [01400/7177] | Loss: 20.8984 | minADE6: 0.836m | minADE1: 1.500m | 9.3 steps/s | GPU -1% 99MB -1W | tau: 0.43, Top-2
 [Epoch 05/20] Step [01600/7177] | Loss: 20.5161 | minADE6: 0.818m | minADE1: 1.486m | 8.7 steps/s | GPU -1% 102MB -1W | tau: 0.43, Top-2
 [Epoch 05/20] Step [01800/7177] | Loss: 20.2422 | minADE6: 0.824m | minADE1: 1.482m | 9.4 steps/s | GPU -1% 102MB -1W | tau: 0.43, Top-2
 [Epoch 05/20] Step [02000/7177] | Loss: 19.6437 | minADE6: 0.810m | minADE1: 1.449m | 9.1 steps/s | GPU -1% 100MB -1W | tau: 0.43, Top-2
 [Epoch 05/20] Step [02200/7177] | Loss: 22.1789 | minADE6: 0.849m | minADE1: 1.514m | 9.6 steps/s | GPU -1% 101MB -1W | tau: 0.43, Top-2
 [Epoch 05/20] Step [02400/7177] | Loss: 20.7465 | minADE6: 0.824m | minADE1: 1.460m | 9.7 steps/s | GPU -1% 102MB -1W | tau: 0.43, Top-2
 [Epoch 05/20] Step [02600/7177] | Loss: 20.8394 | minADE6: 0.801m | minADE1: 1.436m | 9.9 steps/s | GPU -1% 100MB -1W | tau: 0.43, Top-2
 [Epoch 05/20] Step [02800/7177] | Loss: 19.7338 | minADE6: 0.823m | minADE1: 1.479m | 9.8 steps/s | GPU -1% 100MB -1W | tau: 0.43, Top-2
 [Epoch 05/20] Step [03000/7177] | Loss: 19.9238 | minADE6: 0.829m | minADE1: 1.501m | 9.9 steps/s | GPU -1% 101MB -1W | tau: 0.43, Top-2
 [Epoch 05/20] Step [03200/7177] | Loss: 20.6213 | minADE6: 0.835m | minADE1: 1.492m | 9.7 steps/s | GPU -1% 101MB -1W | tau: 0.43, Top-2
 [Epoch 05/20] Step [03400/7177] | Loss: 20.3025 | minADE6: 0.835m | minADE1: 1.505m | 9.4 steps/s | GPU -1% 101MB -1W | tau: 0.43, Top-2
 [Epoch 05/20] Step [03600/7177] | Loss: 20.2413 | minADE6: 0.835m | minADE1: 1.487m | 9.3 steps/s | GPU -1% 101MB -1W | tau: 0.43, Top-2
 [Epoch 05/20] Step [03800/7177] | Loss: 20.8270 | minADE6: 0.820m | minADE1: 1.466m | 9.6 steps/s | GPU -1% 101MB -1W | tau: 0.43, Top-2
 [Epoch 05/20] Step [04000/7177] | Loss: 20.2942 | minADE6: 0.827m | minADE1: 1.488m | 9.6 steps/s | GPU -1% 102MB -1W | tau: 0.43, Top-2
 [Epoch 05/20] Step [04200/7177] | Loss: 21.2807 | minADE6: 0.827m | minADE1: 1.485m | 9.9 steps/s | GPU -1% 101MB -1W | tau: 0.43, Top-2
 [Epoch 05/20] Step [04400/7177] | Loss: 21.7158 | minADE6: 0.812m | minADE1: 1.462m | 9.3 steps/s | GPU -1% 102MB -1W | tau: 0.43, Top-2
 [Epoch 05/20] Step [04600/7177] | Loss: 20.9647 | minADE6: 0.833m | minADE1: 1.486m | 9.2 steps/s | GPU -1% 101MB -1W | tau: 0.43, Top-2
 [Epoch 05/20] Step [04800/7177] | Loss: 20.2910 | minADE6: 0.822m | minADE1: 1.501m | 9.4 steps/s | GPU -1% 102MB -1W | tau: 0.43, Top-2
 [Epoch 05/20] Step [05000/7177] | Loss: 21.0810 | minADE6: 0.821m | minADE1: 1.471m | 9.6 steps/s | GPU -1% 100MB -1W | tau: 0.43, Top-2
 [Epoch 05/20] Step [05200/7177] | Loss: 20.2554 | minADE6: 0.815m | minADE1: 1.470m | 9.6 steps/s | GPU -1% 100MB -1W | tau: 0.43, Top-2
 [Epoch 05/20] Step [05400/7177] | Loss: 21.0666 | minADE6: 0.815m | minADE1: 1.468m | 9.9 steps/s | GPU -1% 102MB -1W | tau: 0.43, Top-2
 [Epoch 05/20] Step [05600/7177] | Loss: 19.8172 | minADE6: 0.840m | minADE1: 1.505m | 9.3 steps/s | GPU -1% 101MB -1W | tau: 0.43, Top-2
 [Epoch 05/20] Step [05800/7177] | Loss: 19.6236 | minADE6: 0.825m | minADE1: 1.481m | 9.2 steps/s | GPU -1% 101MB -1W | tau: 0.43, Top-2
 [Epoch 05/20] Step [06000/7177] | Loss: 20.1610 | minADE6: 0.827m | minADE1: 1.490m | 9.4 steps/s | GPU -1% 101MB -1W | tau: 0.43, Top-2
 [Epoch 05/20] Step [06200/7177] | Loss: 20.9588 | minADE6: 0.835m | minADE1: 1.494m | 9.5 steps/s | GPU -1% 101MB -1W | tau: 0.43, Top-2
 [Epoch 05/20] Step [06400/7177] | Loss: 20.3808 | minADE6: 0.836m | minADE1: 1.489m | 9.4 steps/s | GPU -1% 103MB -1W | tau: 0.43, Top-2
 [Epoch 05/20] Step [06600/7177] | Loss: 21.1781 | minADE6: 0.821m | minADE1: 1.473m | 9.5 steps/s | GPU -1% 102MB -1W | tau: 0.43, Top-2
 [Epoch 05/20] Step [06800/7177] | Loss: 21.0573 | minADE6: 0.831m | minADE1: 1.496m | 9.5 steps/s | GPU -1% 102MB -1W | tau: 0.43, Top-2
 [Epoch 05/20] Step [07000/7177] | Loss: 20.9455 | minADE6: 0.822m | minADE1: 1.484m | 9.2 steps/s | GPU -1% 101MB -1W | tau: 0.43, Top-2
Epoch 05/20 (759.4s, 7177 steps) | Train Loss: 20.6232, minADE6: 0.827m, minADE1: 1.483m | Val Loss: 21.1898, val_minADE6: 0.8715m, val_minADE1: 1.5202m, val_minFDE6: 13.3421m, Error Score: 1.1959
 [Epoch 06/20] Step [00050/7177] | Loss: 20.7279 | minADE6: 0.815m | minADE1: 1.460m | 7.9 steps/s | GPU -1% 101MB -1W | tau: 0.42, Top-2
 [Epoch 06/20] Step [00100/7177] | Loss: 23.7748 | minADE6: 0.806m | minADE1: 1.421m | 9.5 steps/s | GPU -1% 102MB -1W | tau: 0.42, Top-2
 [Epoch 06/20] Step [00150/7177] | Loss: 21.4165 | minADE6: 0.791m | minADE1: 1.439m | 9.6 steps/s | GPU -1% 100MB -1W | tau: 0.42, Top-2
 [Epoch 06/20] Step [00200/7177] | Loss: 19.3970 | minADE6: 0.845m | minADE1: 1.483m | 9.3 steps/s | GPU -1% 101MB -1W | tau: 0.42, Top-2
 [Epoch 06/20] Step [00400/7177] | Loss: 21.0156 | minADE6: 0.823m | minADE1: 1.476m | 9.2 steps/s | GPU -1% 101MB -1W | tau: 0.42, Top-2
 [Epoch 06/20] Step [00600/7177] | Loss: 20.0452 | minADE6: 0.812m | minADE1: 1.465m | 9.3 steps/s | GPU -1% 101MB -1W | tau: 0.42, Top-2
 [Epoch 06/20] Step [00800/7177] | Loss: 20.7552 | minADE6: 0.819m | minADE1: 1.466m | 9.5 steps/s | GPU -1% 100MB -1W | tau: 0.42, Top-2
 [Epoch 06/20] Step [01000/7177] | Loss: 19.7256 | minADE6: 0.831m | minADE1: 1.491m | 9.7 steps/s | GPU -1% 102MB -1W | tau: 0.42, Top-2
 [Epoch 06/20] Step [01200/7177] | Loss: 21.3305 | minADE6: 0.816m | minADE1: 1.470m | 9.8 steps/s | GPU -1% 100MB -1W | tau: 0.42, Top-2
 [Epoch 06/20] Step [01400/7177] | Loss: 19.1922 | minADE6: 0.814m | minADE1: 1.476m | 9.8 steps/s | GPU -1% 102MB -1W | tau: 0.42, Top-2
 [Epoch 06/20] Step [01600/7177] | Loss: 20.5027 | minADE6: 0.825m | minADE1: 1.476m | 9.1 steps/s | GPU -1% 103MB -1W | tau: 0.42, Top-2
 [Epoch 06/20] Step [01800/7177] | Loss: 20.7148 | minADE6: 0.827m | minADE1: 1.496m | 9.2 steps/s | GPU -1% 100MB -1W | tau: 0.42, Top-2
 [Epoch 06/20] Step [02000/7177] | Loss: 20.2569 | minADE6: 0.812m | minADE1: 1.443m | 9.1 steps/s | GPU -1% 100MB -1W | tau: 0.42, Top-2
 [Epoch 06/20] Step [02200/7177] | Loss: 19.8396 | minADE6: 0.804m | minADE1: 1.452m | 9.3 steps/s | GPU -1% 101MB -1W | tau: 0.42, Top-2
 [Epoch 06/20] Step [02400/7177] | Loss: 20.6891 | minADE6: 0.811m | minADE1: 1.453m | 9.4 steps/s | GPU -1% 100MB -1W | tau: 0.42, Top-2
 [Epoch 06/20] Step [02600/7177] | Loss: 19.5723 | minADE6: 0.826m | minADE1: 1.499m | 9.1 steps/s | GPU -1% 102MB -1W | tau: 0.42, Top-2
 [Epoch 06/20] Step [02800/7177] | Loss: 20.7699 | minADE6: 0.823m | minADE1: 1.474m | 9.1 steps/s | GPU -1% 101MB -1W | tau: 0.42, Top-2
 [Epoch 06/20] Step [03000/7177] | Loss: 20.9079 | minADE6: 0.823m | minADE1: 1.491m | 9.4 steps/s | GPU -1% 101MB -1W | tau: 0.42, Top-2
 [Epoch 06/20] Step [03200/7177] | Loss: 20.1260 | minADE6: 0.824m | minADE1: 1.493m | 9.5 steps/s | GPU -1% 102MB -1W | tau: 0.42, Top-2
 [Epoch 06/20] Step [03400/7177] | Loss: 20.2687 | minADE6: 0.825m | minADE1: 1.482m | 9.3 steps/s | GPU -1% 99MB -1W | tau: 0.42, Top-2
 [Epoch 06/20] Step [03600/7177] | Loss: 20.4719 | minADE6: 0.822m | minADE1: 1.445m | 9.3 steps/s | GPU -1% 102MB -1W | tau: 0.42, Top-2
 [Epoch 06/20] Step [03800/7177] | Loss: 20.1072 | minADE6: 0.818m | minADE1: 1.471m | 9.2 steps/s | GPU -1% 102MB -1W | tau: 0.42, Top-2
 [Epoch 06/20] Step [04000/7177] | Loss: 21.6455 | minADE6: 0.820m | minADE1: 1.483m | 9.4 steps/s | GPU -1% 101MB -1W | tau: 0.42, Top-2
 [Epoch 06/20] Step [04200/7177] | Loss: 20.6039 | minADE6: 0.826m | minADE1: 1.479m | 9.4 steps/s | GPU -1% 102MB -1W | tau: 0.42, Top-2
 [Epoch 06/20] Step [04400/7177] | Loss: 20.3637 | minADE6: 0.822m | minADE1: 1.475m | 9.1 steps/s | GPU -1% 102MB -1W | tau: 0.42, Top-2
 [Epoch 06/20] Step [04600/7177] | Loss: 19.4890 | minADE6: 0.808m | minADE1: 1.444m | 9.3 steps/s | GPU -1% 101MB -1W | tau: 0.42, Top-2
 [Epoch 06/20] Step [04800/7177] | Loss: 20.8895 | minADE6: 0.817m | minADE1: 1.464m | 9.3 steps/s | GPU -1% 102MB -1W | tau: 0.42, Top-2
 [Epoch 06/20] Step [05000/7177] | Loss: 20.5800 | minADE6: 0.818m | minADE1: 1.469m | 9.6 steps/s | GPU -1% 101MB -1W | tau: 0.42, Top-2
 [Epoch 06/20] Step [05200/7177] | Loss: 20.7383 | minADE6: 0.831m | minADE1: 1.484m | 9.5 steps/s | GPU -1% 100MB -1W | tau: 0.42, Top-2
 [Epoch 06/20] Step [05400/7177] | Loss: 20.7670 | minADE6: 0.830m | minADE1: 1.514m | 9.5 steps/s | GPU -1% 101MB -1W | tau: 0.42, Top-2
 [Epoch 06/20] Step [05600/7177] | Loss: 19.7019 | minADE6: 0.822m | minADE1: 1.471m | 9.1 steps/s | GPU -1% 101MB -1W | tau: 0.42, Top-2
 [Epoch 06/20] Step [05800/7177] | Loss: 21.9043 | minADE6: 0.815m | minADE1: 1.462m | 9.3 steps/s | GPU -1% 101MB -1W | tau: 0.42, Top-2
 [Epoch 06/20] Step [06000/7177] | Loss: 20.6111 | minADE6: 0.811m | minADE1: 1.462m | 9.3 steps/s | GPU -1% 101MB -1W | tau: 0.42, Top-2
 [Epoch 06/20] Step [06200/7177] | Loss: 20.2794 | minADE6: 0.817m | minADE1: 1.467m | 9.1 steps/s | GPU -1% 100MB -1W | tau: 0.42, Top-2
 [Epoch 06/20] Step [06400/7177] | Loss: 20.8758 | minADE6: 0.810m | minADE1: 1.459m | 9.3 steps/s | GPU -1% 100MB -1W | tau: 0.42, Top-2
 [Epoch 06/20] Step [06600/7177] | Loss: 20.8422 | minADE6: 0.815m | minADE1: 1.473m | 9.5 steps/s | GPU -1% 101MB -1W | tau: 0.42, Top-2
 [Epoch 06/20] Step [06800/7177] | Loss: 20.3597 | minADE6: 0.811m | minADE1: 1.435m | 9.5 steps/s | GPU -1% 102MB -1W | tau: 0.42, Top-2
 [Epoch 06/20] Step [07000/7177] | Loss: 20.7993 | minADE6: 0.819m | minADE1: 1.476m | 9.2 steps/s | GPU -1% 102MB -1W | tau: 0.42, Top-2
Epoch 06/20 (769.0s, 7177 steps) | Train Loss: 20.5177, minADE6: 0.819m, minADE1: 1.471m | Val Loss: 21.1837, val_minADE6: 0.8736m, val_minADE1: 1.5888m, val_minFDE6: 13.3215m, Error Score: 1.2312
 [Epoch 07/20] Step [00050/7177] | Loss: 21.4900 | minADE6: 0.811m | minADE1: 1.461m | 8.0 steps/s | GPU -1% 102MB -1W | tau: 0.40, Top-2
 [Epoch 07/20] Step [00100/7177] | Loss: 22.7182 | minADE6: 0.847m | minADE1: 1.542m | 9.3 steps/s | GPU -1% 100MB -1W | tau: 0.40, Top-2
 [Epoch 07/20] Step [00150/7177] | Loss: 19.6402 | minADE6: 0.823m | minADE1: 1.512m | 9.7 steps/s | GPU -1% 102MB -1W | tau: 0.40, Top-2
 [Epoch 07/20] Step [00200/7177] | Loss: 20.7199 | minADE6: 0.836m | minADE1: 1.520m | 9.7 steps/s | GPU -1% 101MB -1W | tau: 0.40, Top-2
 [Epoch 07/20] Step [00400/7177] | Loss: 20.7572 | minADE6: 0.810m | minADE1: 1.491m | 9.1 steps/s | GPU -1% 102MB -1W | tau: 0.40, Top-2
 [Epoch 07/20] Step [00600/7177] | Loss: 20.9489 | minADE6: 0.804m | minADE1: 1.427m | 9.2 steps/s | GPU -1% 101MB -1W | tau: 0.40, Top-2
 [Epoch 07/20] Step [00800/7177] | Loss: 21.8496 | minADE6: 0.816m | minADE1: 1.460m | 9.2 steps/s | GPU -1% 101MB -1W | tau: 0.40, Top-2
 [Epoch 07/20] Step [01000/7177] | Loss: 20.9857 | minADE6: 0.812m | minADE1: 1.474m | 9.5 steps/s | GPU -1% 101MB -1W | tau: 0.40, Top-2
 [Epoch 07/20] Step [01200/7177] | Loss: 20.8087 | minADE6: 0.812m | minADE1: 1.466m | 9.3 steps/s | GPU -1% 102MB -1W | tau: 0.40, Top-2
 [Epoch 07/20] Step [01400/7177] | Loss: 19.4850 | minADE6: 0.802m | minADE1: 1.410m | 9.5 steps/s | GPU -1% 101MB -1W | tau: 0.40, Top-2
 [Epoch 07/20] Step [01600/7177] | Loss: 20.7523 | minADE6: 0.823m | minADE1: 1.474m | 9.2 steps/s | GPU -1% 101MB -1W | tau: 0.40, Top-2
 [Epoch 07/20] Step [01800/7177] | Loss: 19.4441 | minADE6: 0.807m | minADE1: 1.470m | 9.2 steps/s | GPU -1% 101MB -1W | tau: 0.40, Top-2
 [Epoch 07/20] Step [02000/7177] | Loss: 19.7910 | minADE6: 0.816m | minADE1: 1.512m | 9.3 steps/s | GPU -1% 100MB -1W | tau: 0.40, Top-2
 [Epoch 07/20] Step [02200/7177] | Loss: 21.7339 | minADE6: 0.820m | minADE1: 1.462m | 9.5 steps/s | GPU -1% 101MB -1W | tau: 0.40, Top-2
 [Epoch 07/20] Step [02400/7177] | Loss: 20.1639 | minADE6: 0.818m | minADE1: 1.469m | 9.4 steps/s | GPU -1% 101MB -1W | tau: 0.40, Top-2
 [Epoch 07/20] Step [02600/7177] | Loss: 20.4207 | minADE6: 0.819m | minADE1: 1.483m | 9.2 steps/s | GPU -1% 101MB -1W | tau: 0.40, Top-2
 [Epoch 07/20] Step [02800/7177] | Loss: 21.3680 | minADE6: 0.823m | minADE1: 1.508m | 9.4 steps/s | GPU -1% 101MB -1W | tau: 0.40, Top-2
 [Epoch 07/20] Step [03000/7177] | Loss: 18.8750 | minADE6: 0.823m | minADE1: 1.469m | 9.3 steps/s | GPU -1% 100MB -1W | tau: 0.40, Top-2
 [Epoch 07/20] Step [03200/7177] | Loss: 20.6074 | minADE6: 0.809m | minADE1: 1.455m | 9.4 steps/s | GPU -1% 99MB -1W | tau: 0.40, Top-2
 [Epoch 07/20] Step [03400/7177] | Loss: 20.8008 | minADE6: 0.815m | minADE1: 1.482m | 9.3 steps/s | GPU -1% 103MB -1W | tau: 0.40, Top-2
 [Epoch 07/20] Step [03600/7177] | Loss: 21.4270 | minADE6: 0.820m | minADE1: 1.526m | 9.4 steps/s | GPU -1% 100MB -1W | tau: 0.40, Top-2
 [Epoch 07/20] Step [03800/7177] | Loss: 20.3308 | minADE6: 0.824m | minADE1: 1.487m | 9.2 steps/s | GPU -1% 102MB -1W | tau: 0.40, Top-2
 [Epoch 07/20] Step [04000/7177] | Loss: 20.9870 | minADE6: 0.810m | minADE1: 1.459m | 9.3 steps/s | GPU -1% 101MB -1W | tau: 0.40, Top-2
 [Epoch 07/20] Step [04200/7177] | Loss: 20.6669 | minADE6: 0.815m | minADE1: 1.485m | 9.6 steps/s | GPU -1% 101MB -1W | tau: 0.40, Top-2
 [Epoch 07/20] Step [04400/7177] | Loss: 20.8857 | minADE6: 0.804m | minADE1: 1.443m | 9.7 steps/s | GPU -1% 99MB -1W | tau: 0.40, Top-2
 [Epoch 07/20] Step [04600/7177] | Loss: 20.7269 | minADE6: 0.815m | minADE1: 1.458m | 9.7 steps/s | GPU -1% 102MB -1W | tau: 0.40, Top-2
 [Epoch 07/20] Step [04800/7177] | Loss: 20.3148 | minADE6: 0.814m | minADE1: 1.468m | 9.8 steps/s | GPU -1% 102MB -1W | tau: 0.40, Top-2
 [Epoch 07/20] Step [05000/7177] | Loss: 19.7091 | minADE6: 0.809m | minADE1: 1.449m | 9.6 steps/s | GPU -1% 102MB -1W | tau: 0.40, Top-2
 [Epoch 07/20] Step [05200/7177] | Loss: 19.1264 | minADE6: 0.810m | minADE1: 1.452m | 9.4 steps/s | GPU -1% 102MB -1W | tau: 0.40, Top-2
 [Epoch 07/20] Step [05400/7177] | Loss: 20.8623 | minADE6: 0.818m | minADE1: 1.452m | 9.4 steps/s | GPU -1% 101MB -1W | tau: 0.40, Top-2
 [Epoch 07/20] Step [05600/7177] | Loss: 19.2645 | minADE6: 0.810m | minADE1: 1.464m | 9.3 steps/s | GPU -1% 103MB -1W | tau: 0.40, Top-2
 [Epoch 07/20] Step [05800/7177] | Loss: 20.0476 | minADE6: 0.814m | minADE1: 1.471m | 9.3 steps/s | GPU -1% 101MB -1W | tau: 0.40, Top-2
 [Epoch 07/20] Step [06000/7177] | Loss: 20.5121 | minADE6: 0.815m | minADE1: 1.456m | 9.1 steps/s | GPU -1% 101MB -1W | tau: 0.40, Top-2
 [Epoch 07/20] Step [06200/7177] | Loss: 20.7739 | minADE6: 0.822m | minADE1: 1.473m | 9.3 steps/s | GPU -1% 99MB -1W | tau: 0.40, Top-2
 [Epoch 07/20] Step [06400/7177] | Loss: 21.3058 | minADE6: 0.817m | minADE1: 1.466m | 9.5 steps/s | GPU -1% 102MB -1W | tau: 0.40, Top-2
 [Epoch 07/20] Step [06600/7177] | Loss: 20.7052 | minADE6: 0.826m | minADE1: 1.474m | 9.6 steps/s | GPU -1% 100MB -1W | tau: 0.40, Top-2
 [Epoch 07/20] Step [06800/7177] | Loss: 20.3550 | minADE6: 0.809m | minADE1: 1.446m | 9.2 steps/s | GPU -1% 102MB -1W | tau: 0.40, Top-2
 [Epoch 07/20] Step [07000/7177] | Loss: 19.3364 | minADE6: 0.836m | minADE1: 1.535m | 9.3 steps/s | GPU -1% 102MB -1W | tau: 0.40, Top-2
Epoch 07/20 (766.0s, 7177 steps) | Train Loss: 20.4975, minADE6: 0.816m, minADE1: 1.471m | Val Loss: 21.2077, val_minADE6: 0.8650m, val_minADE1: 1.5405m, val_minFDE6: 13.3569m, Error Score: 1.2028
 [Epoch 08/20] Step [00050/7177] | Loss: 20.3240 | minADE6: 0.825m | minADE1: 1.489m | 8.0 steps/s | GPU -1% 99MB -1W | tau: 0.39, Top-2
 [Epoch 08/20] Step [00100/7177] | Loss: 21.5324 | minADE6: 0.823m | minADE1: 1.480m | 9.6 steps/s | GPU -1% 101MB -1W | tau: 0.39, Top-2
 [Epoch 08/20] Step [00150/7177] | Loss: 21.1528 | minADE6: 0.833m | minADE1: 1.513m | 9.4 steps/s | GPU -1% 100MB -1W | tau: 0.39, Top-2
 [Epoch 08/20] Step [00200/7177] | Loss: 20.2729 | minADE6: 0.852m | minADE1: 1.518m | 9.7 steps/s | GPU -1% 102MB -1W | tau: 0.39, Top-2
 [Epoch 08/20] Step [00400/7177] | Loss: 20.9088 | minADE6: 0.828m | minADE1: 1.483m | 9.2 steps/s | GPU -1% 100MB -1W | tau: 0.39, Top-2
 [Epoch 08/20] Step [00600/7177] | Loss: 20.8304 | minADE6: 0.806m | minADE1: 1.429m | 9.0 steps/s | GPU -1% 102MB -1W | tau: 0.39, Top-2
 [Epoch 08/20] Step [00800/7177] | Loss: 20.5184 | minADE6: 0.809m | minADE1: 1.456m | 9.3 steps/s | GPU -1% 100MB -1W | tau: 0.39, Top-2
 [Epoch 08/20] Step [01000/7177] | Loss: 20.6611 | minADE6: 0.801m | minADE1: 1.443m | 9.4 steps/s | GPU -1% 102MB -1W | tau: 0.39, Top-2
 [Epoch 08/20] Step [01200/7177] | Loss: 20.6011 | minADE6: 0.823m | minADE1: 1.479m | 9.4 steps/s | GPU -1% 101MB -1W | tau: 0.39, Top-2
 [Epoch 08/20] Step [01400/7177] | Loss: 20.4765 | minADE6: 0.820m | minADE1: 1.459m | 9.7 steps/s | GPU -1% 101MB -1W | tau: 0.39, Top-2
 [Epoch 08/20] Step [01600/7177] | Loss: 21.2085 | minADE6: 0.800m | minADE1: 1.440m | 9.6 steps/s | GPU -1% 100MB -1W | tau: 0.39, Top-2
 [Epoch 08/20] Step [01800/7177] | Loss: 20.0704 | minADE6: 0.811m | minADE1: 1.461m | 9.1 steps/s | GPU -1% 101MB -1W | tau: 0.39, Top-2
 [Epoch 08/20] Step [02000/7177] | Loss: 20.9290 | minADE6: 0.807m | minADE1: 1.453m | 9.4 steps/s | GPU -1% 101MB -1W | tau: 0.39, Top-2
 [Epoch 08/20] Step [02200/7177] | Loss: 20.2865 | minADE6: 0.809m | minADE1: 1.452m | 9.3 steps/s | GPU -1% 103MB -1W | tau: 0.39, Top-2
 [Epoch 08/20] Step [02400/7177] | Loss: 19.9782 | minADE6: 0.813m | minADE1: 1.484m | 9.5 steps/s | GPU -1% 100MB -1W | tau: 0.39, Top-2
 [Epoch 08/20] Step [02600/7177] | Loss: 20.5108 | minADE6: 0.807m | minADE1: 1.464m | 9.5 steps/s | GPU -1% 101MB -1W | tau: 0.39, Top-2
 [Epoch 08/20] Step [02800/7177] | Loss: 21.0602 | minADE6: 0.816m | minADE1: 1.468m | 9.7 steps/s | GPU -1% 102MB -1W | tau: 0.39, Top-2
 [Epoch 08/20] Step [03000/7177] | Loss: 20.2181 | minADE6: 0.820m | minADE1: 1.477m | 9.6 steps/s | GPU -1% 102MB -1W | tau: 0.39, Top-2
 [Epoch 08/20] Step [03200/7177] | Loss: 19.6026 | minADE6: 0.799m | minADE1: 1.438m | 9.4 steps/s | GPU -1% 103MB -1W | tau: 0.39, Top-2
 [Epoch 08/20] Step [03400/7177] | Loss: 21.3020 | minADE6: 0.801m | minADE1: 1.434m | 9.1 steps/s | GPU -1% 101MB -1W | tau: 0.39, Top-2
 [Epoch 08/20] Step [03600/7177] | Loss: 19.1479 | minADE6: 0.790m | minADE1: 1.419m | 9.2 steps/s | GPU -1% 100MB -1W | tau: 0.39, Top-2
 [Epoch 08/20] Step [03800/7177] | Loss: 19.9405 | minADE6: 0.833m | minADE1: 1.489m | 9.6 steps/s | GPU -1% 101MB -1W | tau: 0.39, Top-2
 [Epoch 08/20] Step [04000/7177] | Loss: 21.8117 | minADE6: 0.817m | minADE1: 1.477m | 9.5 steps/s | GPU -1% 100MB -1W | tau: 0.39, Top-2
 [Epoch 08/20] Step [04200/7177] | Loss: 20.9327 | minADE6: 0.811m | minADE1: 1.449m | 9.3 steps/s | GPU -1% 103MB -1W | tau: 0.39, Top-2
 [Epoch 08/20] Step [04400/7177] | Loss: 21.5889 | minADE6: 0.807m | minADE1: 1.450m | 9.3 steps/s | GPU -1% 102MB -1W | tau: 0.39, Top-2
 [Epoch 08/20] Step [04600/7177] | Loss: 22.0103 | minADE6: 0.816m | minADE1: 1.452m | 9.4 steps/s | GPU -1% 100MB -1W | tau: 0.39, Top-2
 [Epoch 08/20] Step [04800/7177] | Loss: 20.0360 | minADE6: 0.822m | minADE1: 1.496m | 9.6 steps/s | GPU -1% 101MB -1W | tau: 0.39, Top-2
 [Epoch 08/20] Step [05000/7177] | Loss: 19.8083 | minADE6: 0.802m | minADE1: 1.459m | 9.8 steps/s | GPU -1% 101MB -1W | tau: 0.39, Top-2
 [Epoch 08/20] Step [05200/7177] | Loss: 20.0904 | minADE6: 0.801m | minADE1: 1.452m | 9.9 steps/s | GPU -1% 102MB -1W | tau: 0.39, Top-2
 [Epoch 08/20] Step [05400/7177] | Loss: 21.2168 | minADE6: 0.808m | minADE1: 1.463m | 10.0 steps/s | GPU -1% 101MB -1W | tau: 0.39, Top-2
 [Epoch 08/20] Step [05600/7177] | Loss: 20.1607 | minADE6: 0.820m | minADE1: 1.491m | 9.9 steps/s | GPU -1% 101MB -1W | tau: 0.39, Top-2
 [Epoch 08/20] Step [05800/7177] | Loss: 20.7909 | minADE6: 0.806m | minADE1: 1.444m | 10.1 steps/s | GPU -1% 101MB -1W | tau: 0.39, Top-2
 [Epoch 08/20] Step [06000/7177] | Loss: 20.3227 | minADE6: 0.817m | minADE1: 1.447m | 9.9 steps/s | GPU -1% 99MB -1W | tau: 0.39, Top-2
 [Epoch 08/20] Step [06200/7177] | Loss: 21.0267 | minADE6: 0.815m | minADE1: 1.472m | 9.9 steps/s | GPU -1% 102MB -1W | tau: 0.39, Top-2
 [Epoch 08/20] Step [06400/7177] | Loss: 19.7122 | minADE6: 0.821m | minADE1: 1.469m | 10.1 steps/s | GPU -1% 100MB -1W | tau: 0.39, Top-2
 [Epoch 08/20] Step [06600/7177] | Loss: 19.5050 | minADE6: 0.809m | minADE1: 1.450m | 9.5 steps/s | GPU -1% 101MB -1W | tau: 0.39, Top-2
 [Epoch 08/20] Step [06800/7177] | Loss: 20.2234 | minADE6: 0.810m | minADE1: 1.476m | 9.4 steps/s | GPU -1% 102MB -1W | tau: 0.39, Top-2
 [Epoch 08/20] Step [07000/7177] | Loss: 20.3604 | minADE6: 0.812m | minADE1: 1.490m | 9.6 steps/s | GPU -1% 103MB -1W | tau: 0.39, Top-2
Epoch 08/20 (754.6s, 7177 steps) | Train Loss: 20.5068, minADE6: 0.812m, minADE1: 1.462m | Val Loss: 21.1009, val_minADE6: 0.8460m, val_minADE1: 1.5293m, val_minFDE6: 13.2716m, Error Score: 1.1876
 [Epoch 09/20] Step [00050/7177] | Loss: 19.4380 | minADE6: 0.835m | minADE1: 1.522m | 7.8 steps/s | GPU -1% 102MB -1W | tau: 0.37, Top-2
 [Epoch 09/20] Step [00100/7177] | Loss: 18.5693 | minADE6: 0.794m | minADE1: 1.443m | 8.8 steps/s | GPU -1% 100MB -1W | tau: 0.37, Top-2
 [Epoch 09/20] Step [00150/7177] | Loss: 19.2043 | minADE6: 0.800m | minADE1: 1.427m | 9.0 steps/s | GPU -1% 102MB -1W | tau: 0.37, Top-2
 [Epoch 09/20] Step [00200/7177] | Loss: 20.2835 | minADE6: 0.793m | minADE1: 1.436m | 8.9 steps/s | GPU -1% 101MB -1W | tau: 0.37, Top-2
 [Epoch 09/20] Step [00400/7177] | Loss: 19.4791 | minADE6: 0.809m | minADE1: 1.459m | 9.3 steps/s | GPU -1% 100MB -1W | tau: 0.37, Top-2
 [Epoch 09/20] Step [00600/7177] | Loss: 19.8386 | minADE6: 0.789m | minADE1: 1.428m | 9.5 steps/s | GPU -1% 102MB -1W | tau: 0.37, Top-2
 [Epoch 09/20] Step [00800/7177] | Loss: 20.1460 | minADE6: 0.804m | minADE1: 1.443m | 9.6 steps/s | GPU -1% 101MB -1W | tau: 0.37, Top-2
 [Epoch 09/20] Step [01000/7177] | Loss: 21.0968 | minADE6: 0.816m | minADE1: 1.476m | 9.9 steps/s | GPU -1% 100MB -1W | tau: 0.37, Top-2
 [Epoch 09/20] Step [01200/7177] | Loss: 22.1008 | minADE6: 0.816m | minADE1: 1.461m | 9.8 steps/s | GPU -1% 100MB -1W | tau: 0.37, Top-2
 [Epoch 09/20] Step [01400/7177] | Loss: 21.1448 | minADE6: 0.805m | minADE1: 1.438m | 10.0 steps/s | GPU -1% 101MB -1W | tau: 0.37, Top-2
 [Epoch 09/20] Step [01600/7177] | Loss: 20.3980 | minADE6: 0.811m | minADE1: 1.447m | 9.2 steps/s | GPU -1% 101MB -1W | tau: 0.37, Top-2
 [Epoch 09/20] Step [01800/7177] | Loss: 20.7512 | minADE6: 0.805m | minADE1: 1.447m | 9.4 steps/s | GPU -1% 102MB -1W | tau: 0.37, Top-2
 [Epoch 09/20] Step [02000/7177] | Loss: 21.0195 | minADE6: 0.808m | minADE1: 1.466m | 9.5 steps/s | GPU -1% 101MB -1W | tau: 0.37, Top-2
 [Epoch 09/20] Step [02200/7177] | Loss: 19.1623 | minADE6: 0.812m | minADE1: 1.446m | 9.3 steps/s | GPU -1% 102MB -1W | tau: 0.37, Top-2
 [Epoch 09/20] Step [02400/7177] | Loss: 20.8872 | minADE6: 0.813m | minADE1: 1.464m | 9.4 steps/s | GPU -1% 100MB -1W | tau: 0.37, Top-2
 [Epoch 09/20] Step [02600/7177] | Loss: 19.5441 | minADE6: 0.799m | minADE1: 1.427m | 9.5 steps/s | GPU -1% 101MB -1W | tau: 0.37, Top-2
 [Epoch 09/20] Step [02800/7177] | Loss: 19.2902 | minADE6: 0.783m | minADE1: 1.405m | 9.6 steps/s | GPU -1% 100MB -1W | tau: 0.37, Top-2
 [Epoch 09/20] Step [03000/7177] | Loss: 21.6154 | minADE6: 0.796m | minADE1: 1.442m | 9.6 steps/s | GPU -1% 101MB -1W | tau: 0.37, Top-2
 [Epoch 09/20] Step [03200/7177] | Loss: 20.4505 | minADE6: 0.806m | minADE1: 1.474m | 9.3 steps/s | GPU -1% 102MB -1W | tau: 0.37, Top-2
 [Epoch 09/20] Step [03400/7177] | Loss: 20.9529 | minADE6: 0.793m | minADE1: 1.423m | 9.4 steps/s | GPU -1% 101MB -1W | tau: 0.37, Top-2
 [Epoch 09/20] Step [03600/7177] | Loss: 20.3521 | minADE6: 0.810m | minADE1: 1.482m | 9.5 steps/s | GPU -1% 101MB -1W | tau: 0.37, Top-2
 [Epoch 09/20] Step [03800/7177] | Loss: 20.7439 | minADE6: 0.790m | minADE1: 1.439m | 9.6 steps/s | GPU -1% 104MB -1W | tau: 0.37, Top-2
 [Epoch 09/20] Step [04000/7177] | Loss: 19.7210 | minADE6: 0.784m | minADE1: 1.414m | 9.5 steps/s | GPU -1% 101MB -1W | tau: 0.37, Top-2
 [Epoch 09/20] Step [04200/7177] | Loss: 20.4616 | minADE6: 0.809m | minADE1: 1.471m | 9.7 steps/s | GPU -1% 102MB -1W | tau: 0.37, Top-2
 [Epoch 09/20] Step [04400/7177] | Loss: 20.8001 | minADE6: 0.824m | minADE1: 1.517m | 9.3 steps/s | GPU -1% 101MB -1W | tau: 0.37, Top-2
 [Epoch 09/20] Step [04600/7177] | Loss: 21.4765 | minADE6: 0.805m | minADE1: 1.460m | 9.3 steps/s | GPU -1% 100MB -1W | tau: 0.37, Top-2
 [Epoch 09/20] Step [04800/7177] | Loss: 19.6605 | minADE6: 0.802m | minADE1: 1.450m | 9.7 steps/s | GPU -1% 101MB -1W | tau: 0.37, Top-2
 [Epoch 09/20] Step [05000/7177] | Loss: 19.4092 | minADE6: 0.807m | minADE1: 1.471m | 9.8 steps/s | GPU -1% 101MB -1W | tau: 0.37, Top-2
 [Epoch 09/20] Step [05200/7177] | Loss: 19.5901 | minADE6: 0.801m | minADE1: 1.450m | 9.3 steps/s | GPU -1% 103MB -1W | tau: 0.37, Top-2
 [Epoch 09/20] Step [05400/7177] | Loss: 20.8316 | minADE6: 0.806m | minADE1: 1.473m | 9.0 steps/s | GPU -1% 101MB -1W | tau: 0.37, Top-2
 [Epoch 09/20] Step [05600/7177] | Loss: 20.6681 | minADE6: 0.799m | minADE1: 1.436m | 9.3 steps/s | GPU -1% 102MB -1W | tau: 0.37, Top-2
 [Epoch 09/20] Step [05800/7177] | Loss: 20.8507 | minADE6: 0.809m | minADE1: 1.459m | 9.0 steps/s | GPU -1% 102MB -1W | tau: 0.37, Top-2
 [Epoch 09/20] Step [06000/7177] | Loss: 21.1635 | minADE6: 0.793m | minADE1: 1.426m | 9.4 steps/s | GPU -1% 99MB -1W | tau: 0.37, Top-2
 [Epoch 09/20] Step [06200/7177] | Loss: 19.5168 | minADE6: 0.795m | minADE1: 1.440m | 9.4 steps/s | GPU -1% 100MB -1W | tau: 0.37, Top-2
 [Epoch 09/20] Step [06400/7177] | Loss: 20.7812 | minADE6: 0.778m | minADE1: 1.401m | 9.6 steps/s | GPU -1% 101MB -1W | tau: 0.37, Top-2
 [Epoch 09/20] Step [06600/7177] | Loss: 19.9659 | minADE6: 0.792m | minADE1: 1.419m | 9.7 steps/s | GPU -1% 101MB -1W | tau: 0.37, Top-2
 [Epoch 09/20] Step [06800/7177] | Loss: 21.3798 | minADE6: 0.785m | minADE1: 1.405m | 9.6 steps/s | GPU -1% 101MB -1W | tau: 0.37, Top-2
 [Epoch 09/20] Step [07000/7177] | Loss: 21.1074 | minADE6: 0.806m | minADE1: 1.423m | 9.9 steps/s | GPU -1% 101MB -1W | tau: 0.37, Top-2
Epoch 09/20 (757.6s, 7177 steps) | Train Loss: 20.4567, minADE6: 0.802m, minADE1: 1.447m | Val Loss: 21.0129, val_minADE6: 0.8340m, val_minADE1: 1.4864m, val_minFDE6: 13.2304m, Error Score: 1.1602
[NEW BEST Error Score]: 1.1602 saved!
 [Epoch 10/20] Step [00050/7177] | Loss: 20.0400 | minADE6: 0.802m | minADE1: 1.434m | 8.2 steps/s | GPU -1% 102MB -1W | tau: 0.36, Top-2
 [Epoch 10/20] Step [00100/7177] | Loss: 19.9019 | minADE6: 0.785m | minADE1: 1.416m | 9.4 steps/s | GPU -1% 103MB -1W | tau: 0.36, Top-2
 [Epoch 10/20] Step [00150/7177] | Loss: 22.8185 | minADE6: 0.805m | minADE1: 1.458m | 9.1 steps/s | GPU -1% 101MB -1W | tau: 0.36, Top-2
 [Epoch 10/20] Step [00200/7177] | Loss: 21.9631 | minADE6: 0.774m | minADE1: 1.380m | 9.3 steps/s | GPU -1% 100MB -1W | tau: 0.36, Top-2
 [Epoch 10/20] Step [00400/7177] | Loss: 19.8700 | minADE6: 0.798m | minADE1: 1.427m | 9.0 steps/s | GPU -1% 101MB -1W | tau: 0.36, Top-2
 [Epoch 10/20] Step [00600/7177] | Loss: 20.1430 | minADE6: 0.799m | minADE1: 1.444m | 9.3 steps/s | GPU -1% 100MB -1W | tau: 0.36, Top-2
 [Epoch 10/20] Step [00800/7177] | Loss: 20.6829 | minADE6: 0.779m | minADE1: 1.411m | 9.3 steps/s | GPU -1% 101MB -1W | tau: 0.36, Top-2
 [Epoch 10/20] Step [01000/7177] | Loss: 20.4716 | minADE6: 0.795m | minADE1: 1.424m | 9.3 steps/s | GPU -1% 101MB -1W | tau: 0.36, Top-2
 [Epoch 10/20] Step [01200/7177] | Loss: 19.5360 | minADE6: 0.803m | minADE1: 1.456m | 9.3 steps/s | GPU -1% 101MB -1W | tau: 0.36, Top-2
 [Epoch 10/20] Step [01400/7177] | Loss: 20.2162 | minADE6: 0.801m | minADE1: 1.422m | 9.6 steps/s | GPU -1% 100MB -1W | tau: 0.36, Top-2
 [Epoch 10/20] Step [01600/7177] | Loss: 19.6467 | minADE6: 0.782m | minADE1: 1.410m | 9.4 steps/s | GPU -1% 102MB -1W | tau: 0.36, Top-2
 [Epoch 10/20] Step [01800/7177] | Loss: 19.9854 | minADE6: 0.816m | minADE1: 1.462m | 7.5 steps/s | GPU -1% 101MB -1W | tau: 0.36, Top-2
 [Epoch 10/20] Step [02000/7177] | Loss: 20.7544 | minADE6: 0.801m | minADE1: 1.439m | 9.3 steps/s | GPU -1% 100MB -1W | tau: 0.36, Top-2
 [Epoch 10/20] Step [02200/7177] | Loss: 19.5074 | minADE6: 0.805m | minADE1: 1.437m | 9.1 steps/s | GPU -1% 99MB -1W | tau: 0.36, Top-2
 [Epoch 10/20] Step [02400/7177] | Loss: 19.6770 | minADE6: 0.794m | minADE1: 1.435m | 9.6 steps/s | GPU -1% 101MB -1W | tau: 0.36, Top-2
 [Epoch 10/20] Step [02600/7177] | Loss: 19.8481 | minADE6: 0.780m | minADE1: 1.403m | 9.6 steps/s | GPU -1% 101MB -1W | tau: 0.36, Top-2
 [Epoch 10/20] Step [02800/7177] | Loss: 20.3763 | minADE6: 0.799m | minADE1: 1.432m | 9.1 steps/s | GPU -1% 102MB -1W | tau: 0.36, Top-2
 [Epoch 10/20] Step [03000/7177] | Loss: 21.1184 | minADE6: 0.808m | minADE1: 1.461m | 9.2 steps/s | GPU -1% 100MB -1W | tau: 0.36, Top-2
 [Epoch 10/20] Step [03200/7177] | Loss: 20.9928 | minADE6: 0.795m | minADE1: 1.428m | 9.3 steps/s | GPU -1% 102MB -1W | tau: 0.36, Top-2
 [Epoch 10/20] Step [03400/7177] | Loss: 20.3353 | minADE6: 0.806m | minADE1: 1.436m | 9.3 steps/s | GPU -1% 105MB -1W | tau: 0.36, Top-2
 [Epoch 10/20] Step [03600/7177] | Loss: 20.2314 | minADE6: 0.803m | minADE1: 1.446m | 9.4 steps/s | GPU -1% 100MB -1W | tau: 0.36, Top-2
 [Epoch 10/20] Step [03800/7177] | Loss: 20.5774 | minADE6: 0.789m | minADE1: 1.410m | 9.1 steps/s | GPU -1% 102MB -1W | tau: 0.36, Top-2
 [Epoch 10/20] Step [04000/7177] | Loss: 20.4364 | minADE6: 0.809m | minADE1: 1.471m | 9.3 steps/s | GPU -1% 100MB -1W | tau: 0.36, Top-2
 [Epoch 10/20] Step [04200/7177] | Loss: 21.2008 | minADE6: 0.795m | minADE1: 1.432m | 9.5 steps/s | GPU -1% 102MB -1W | tau: 0.36, Top-2
 [Epoch 10/20] Step [04400/7177] | Loss: 20.2212 | minADE6: 0.791m | minADE1: 1.418m | 9.5 steps/s | GPU -1% 102MB -1W | tau: 0.36, Top-2
 [Epoch 10/20] Step [04600/7177] | Loss: 20.1641 | minADE6: 0.796m | minADE1: 1.446m | 9.3 steps/s | GPU -1% 101MB -1W | tau: 0.36, Top-2
 [Epoch 10/20] Step [04800/7177] | Loss: 20.8210 | minADE6: 0.789m | minADE1: 1.443m | 9.1 steps/s | GPU -1% 102MB -1W | tau: 0.36, Top-2
 [Epoch 10/20] Step [05000/7177] | Loss: 20.4017 | minADE6: 0.805m | minADE1: 1.468m | 9.3 steps/s | GPU -1% 100MB -1W | tau: 0.36, Top-2
 [Epoch 10/20] Step [05200/7177] | Loss: 20.5827 | minADE6: 0.781m | minADE1: 1.416m | 9.4 steps/s | GPU -1% 102MB -1W | tau: 0.36, Top-2
 [Epoch 10/20] Step [05400/7177] | Loss: 21.3053 | minADE6: 0.793m | minADE1: 1.437m | 9.6 steps/s | GPU -1% 101MB -1W | tau: 0.36, Top-2
 [Epoch 10/20] Step [05600/7177] | Loss: 20.6910 | minADE6: 0.799m | minADE1: 1.434m | 9.0 steps/s | GPU -1% 101MB -1W | tau: 0.36, Top-2
 [Epoch 10/20] Step [05800/7177] | Loss: 20.2847 | minADE6: 0.808m | minADE1: 1.454m | 9.2 steps/s | GPU -1% 101MB -1W | tau: 0.36, Top-2
 [Epoch 10/20] Step [06000/7177] | Loss: 20.4234 | minADE6: 0.799m | minADE1: 1.447m | 9.0 steps/s | GPU -1% 101MB -1W | tau: 0.36, Top-2
 [Epoch 10/20] Step [06200/7177] | Loss: 20.7033 | minADE6: 0.802m | minADE1: 1.442m | 9.2 steps/s | GPU -1% 100MB -1W | tau: 0.36, Top-2
 [Epoch 10/20] Step [06400/7177] | Loss: 20.9412 | minADE6: 0.795m | minADE1: 1.426m | 9.2 steps/s | GPU -1% 102MB -1W | tau: 0.36, Top-2
 [Epoch 10/20] Step [06600/7177] | Loss: 20.3737 | minADE6: 0.790m | minADE1: 1.429m | 9.5 steps/s | GPU -1% 102MB -1W | tau: 0.36, Top-2
 [Epoch 10/20] Step [06800/7177] | Loss: 21.0351 | minADE6: 0.798m | minADE1: 1.430m | 9.1 steps/s | GPU -1% 103MB -1W | tau: 0.36, Top-2
 [Epoch 10/20] Step [07000/7177] | Loss: 19.8748 | minADE6: 0.812m | minADE1: 1.484m | 9.1 steps/s | GPU -1% 103MB -1W | tau: 0.36, Top-2
Epoch 10/20 (779.9s, 7177 steps) | Train Loss: 20.3942, minADE6: 0.797m, minADE1: 1.437m | Val Loss: 21.0388, val_minADE6: 0.8333m, val_minADE1: 1.5620m, val_minFDE6: 13.2444m, Error Score: 1.1977
 [Epoch 11/20] Step [00050/7177] | Loss: 19.0438 | minADE6: 0.787m | minADE1: 1.455m | 8.0 steps/s | GPU -1% 102MB -1W | tau: 0.35, Top-1
 [Epoch 11/20] Step [00100/7177] | Loss: 20.7532 | minADE6: 0.788m | minADE1: 1.449m | 9.7 steps/s | GPU -1% 102MB -1W | tau: 0.35, Top-1
 [Epoch 11/20] Step [00150/7177] | Loss: 18.3244 | minADE6: 0.788m | minADE1: 1.405m | 9.7 steps/s | GPU -1% 101MB -1W | tau: 0.35, Top-1
 [Epoch 11/20] Step [00200/7177] | Loss: 20.8201 | minADE6: 0.788m | minADE1: 1.425m | 5.0 steps/s | GPU -1% 100MB -1W | tau: 0.35, Top-1
 [Epoch 11/20] Step [00400/7177] | Loss: 19.8120 | minADE6: 0.795m | minADE1: 1.451m | 9.2 steps/s | GPU -1% 100MB -1W | tau: 0.35, Top-1
 [Epoch 11/20] Step [00600/7177] | Loss: 20.3122 | minADE6: 0.794m | minADE1: 1.440m | 9.1 steps/s | GPU -1% 102MB -1W | tau: 0.35, Top-1
 [Epoch 11/20] Step [00800/7177] | Loss: 20.7031 | minADE6: 0.785m | minADE1: 1.420m | 9.1 steps/s | GPU -1% 102MB -1W | tau: 0.35, Top-1
 [Epoch 11/20] Step [01000/7177] | Loss: 21.5701 | minADE6: 0.786m | minADE1: 1.419m | 9.5 steps/s | GPU -1% 101MB -1W | tau: 0.35, Top-1
 [Epoch 11/20] Step [01200/7177] | Loss: 20.3282 | minADE6: 0.798m | minADE1: 1.418m | 9.6 steps/s | GPU -1% 102MB -1W | tau: 0.35, Top-1
 [Epoch 11/20] Step [01400/7177] | Loss: 19.5336 | minADE6: 0.796m | minADE1: 1.428m | 9.7 steps/s | GPU -1% 102MB -1W | tau: 0.35, Top-1
 [Epoch 11/20] Step [01600/7177] | Loss: 20.0488 | minADE6: 0.793m | minADE1: 1.433m | 9.4 steps/s | GPU -1% 101MB -1W | tau: 0.35, Top-1
 [Epoch 11/20] Step [01800/7177] | Loss: 19.6594 | minADE6: 0.794m | minADE1: 1.420m | 9.7 steps/s | GPU -1% 101MB -1W | tau: 0.35, Top-1
 [Epoch 11/20] Step [02000/7177] | Loss: 19.1807 | minADE6: 0.799m | minADE1: 1.452m | 9.7 steps/s | GPU -1% 101MB -1W | tau: 0.35, Top-1
 [Epoch 11/20] Step [02200/7177] | Loss: 19.9427 | minADE6: 0.791m | minADE1: 1.427m | 6.4 steps/s | GPU -1% 103MB -1W | tau: 0.35, Top-1
 [Epoch 11/20] Step [02400/7177] | Loss: 19.8170 | minADE6: 0.802m | minADE1: 1.449m | 9.1 steps/s | GPU -1% 101MB -1W | tau: 0.35, Top-1
 [Epoch 11/20] Step [02600/7177] | Loss: 21.2389 | minADE6: 0.798m | minADE1: 1.436m | 9.1 steps/s | GPU -1% 100MB -1W | tau: 0.35, Top-1
 [Epoch 11/20] Step [02800/7177] | Loss: 20.9688 | minADE6: 0.796m | minADE1: 1.429m | 9.2 steps/s | GPU -1% 101MB -1W | tau: 0.35, Top-1
 [Epoch 11/20] Step [03000/7177] | Loss: 20.1148 | minADE6: 0.807m | minADE1: 1.456m | 9.2 steps/s | GPU -1% 100MB -1W | tau: 0.35, Top-1
 [Epoch 11/20] Step [03200/7177] | Loss: 21.0891 | minADE6: 0.799m | minADE1: 1.434m | 9.1 steps/s | GPU -1% 101MB -1W | tau: 0.35, Top-1
 [Epoch 11/20] Step [03400/7177] | Loss: 19.4881 | minADE6: 0.784m | minADE1: 1.421m | 9.4 steps/s | GPU -1% 103MB -1W | tau: 0.35, Top-1
 [Epoch 11/20] Step [03600/7177] | Loss: 20.7382 | minADE6: 0.809m | minADE1: 1.454m | 9.6 steps/s | GPU -1% 101MB -1W | tau: 0.35, Top-1
 [Epoch 11/20] Step [03800/7177] | Loss: 20.2029 | minADE6: 0.795m | minADE1: 1.437m | 9.4 steps/s | GPU -1% 101MB -1W | tau: 0.35, Top-1
 [Epoch 11/20] Step [04000/7177] | Loss: 19.8036 | minADE6: 0.799m | minADE1: 1.434m | 9.9 steps/s | GPU -1% 101MB -1W | tau: 0.35, Top-1
 [Epoch 11/20] Step [04200/7177] | Loss: 19.3697 | minADE6: 0.795m | minADE1: 1.426m | 9.5 steps/s | GPU -1% 101MB -1W | tau: 0.35, Top-1
 [Epoch 11/20] Step [04400/7177] | Loss: 20.4699 | minADE6: 0.795m | minADE1: 1.425m | 9.2 steps/s | GPU -1% 101MB -1W | tau: 0.35, Top-1
 [Epoch 11/20] Step [04600/7177] | Loss: 21.2156 | minADE6: 0.804m | minADE1: 1.460m | 9.2 steps/s | GPU -1% 102MB -1W | tau: 0.35, Top-1
 [Epoch 11/20] Step [04800/7177] | Loss: 19.7238 | minADE6: 0.806m | minADE1: 1.458m | 6.4 steps/s | GPU -1% 102MB -1W | tau: 0.35, Top-1
 [Epoch 11/20] Step [05000/7177] | Loss: 19.1004 | minADE6: 0.789m | minADE1: 1.411m | 7.5 steps/s | GPU -1% 101MB -1W | tau: 0.35, Top-1
 [Epoch 11/20] Step [05200/7177] | Loss: 19.6598 | minADE6: 0.805m | minADE1: 1.443m | 9.2 steps/s | GPU -1% 101MB -1W | tau: 0.35, Top-1
 [Epoch 11/20] Step [05400/7177] | Loss: 19.6542 | minADE6: 0.802m | minADE1: 1.440m | 9.1 steps/s | GPU -1% 101MB -1W | tau: 0.35, Top-1
 [Epoch 11/20] Step [05600/7177] | Loss: 20.1854 | minADE6: 0.792m | minADE1: 1.433m | 9.3 steps/s | GPU -1% 102MB -1W | tau: 0.35, Top-1
 [Epoch 11/20] Step [05800/7177] | Loss: 20.4496 | minADE6: 0.792m | minADE1: 1.417m | 9.2 steps/s | GPU -1% 101MB -1W | tau: 0.35, Top-1
 [Epoch 11/20] Step [06000/7177] | Loss: 20.8773 | minADE6: 0.806m | minADE1: 1.453m | 9.4 steps/s | GPU -1% 101MB -1W | tau: 0.35, Top-1
 [Epoch 11/20] Step [06200/7177] | Loss: 20.4148 | minADE6: 0.793m | minADE1: 1.413m | 7.8 steps/s | GPU -1% 100MB -1W | tau: 0.35, Top-1
 [Epoch 11/20] Step [06400/7177] | Loss: 20.3524 | minADE6: 0.788m | minADE1: 1.405m | 9.6 steps/s | GPU -1% 101MB -1W | tau: 0.35, Top-1
 [Epoch 11/20] Step [06600/7177] | Loss: 20.2871 | minADE6: 0.810m | minADE1: 1.449m | 9.6 steps/s | GPU -1% 101MB -1W | tau: 0.35, Top-1
 [Epoch 11/20] Step [06800/7177] | Loss: 19.7192 | minADE6: 0.790m | minADE1: 1.424m | 9.5 steps/s | GPU -1% 102MB -1W | tau: 0.35, Top-1
 [Epoch 11/20] Step [07000/7177] | Loss: 19.3207 | minADE6: 0.801m | minADE1: 1.439m | 9.3 steps/s | GPU -1% 102MB -1W | tau: 0.35, Top-1
Epoch 11/20 (806.5s, 7177 steps) | Train Loss: 20.1354, minADE6: 0.797m, minADE1: 1.435m | Val Loss: 20.7215, val_minADE6: 0.8128m, val_minADE1: 1.5464m, val_minFDE6: 13.2073m, Error Score: 1.1796
[NEW BEST minADE6]: 0.8128m saved!
 [Epoch 12/20] Step [00050/7177] | Loss: 18.2873 | minADE6: 0.788m | minADE1: 1.434m | 8.3 steps/s | GPU -1% 100MB -1W | tau: 0.33, Top-1
 [Epoch 12/20] Step [00100/7177] | Loss: 19.2095 | minADE6: 0.798m | minADE1: 1.431m | 9.8 steps/s | GPU -1% 100MB -1W | tau: 0.33, Top-1
 [Epoch 12/20] Step [00150/7177] | Loss: 19.7369 | minADE6: 0.803m | minADE1: 1.390m | 9.8 steps/s | GPU -1% 101MB -1W | tau: 0.33, Top-1
 [Epoch 12/20] Step [00200/7177] | Loss: 18.6178 | minADE6: 0.789m | minADE1: 1.411m | 9.7 steps/s | GPU -1% 102MB -1W | tau: 0.33, Top-1
 [Epoch 12/20] Step [00400/7177] | Loss: 20.6377 | minADE6: 0.785m | minADE1: 1.395m | 9.0 steps/s | GPU -1% 101MB -1W | tau: 0.33, Top-1
 [Epoch 12/20] Step [00600/7177] | Loss: 20.7813 | minADE6: 0.803m | minADE1: 1.434m | 9.0 steps/s | GPU -1% 101MB -1W | tau: 0.33, Top-1
 [Epoch 12/20] Step [00800/7177] | Loss: 20.1184 | minADE6: 0.800m | minADE1: 1.434m | 7.5 steps/s | GPU -1% 102MB -1W | tau: 0.33, Top-1
 [Epoch 12/20] Step [01000/7177] | Loss: 21.5075 | minADE6: 0.800m | minADE1: 1.433m | 9.2 steps/s | GPU -1% 102MB -1W | tau: 0.33, Top-1
 [Epoch 12/20] Step [01200/7177] | Loss: 19.9408 | minADE6: 0.797m | minADE1: 1.419m | 9.2 steps/s | GPU -1% 100MB -1W | tau: 0.33, Top-1
 [Epoch 12/20] Step [01400/7177] | Loss: 20.4111 | minADE6: 0.798m | minADE1: 1.425m | 9.2 steps/s | GPU -1% 101MB -1W | tau: 0.33, Top-1
 [Epoch 12/20] Step [01600/7177] | Loss: 20.0370 | minADE6: 0.798m | minADE1: 1.412m | 9.4 steps/s | GPU -1% 100MB -1W | tau: 0.33, Top-1
 [Epoch 12/20] Step [01800/7177] | Loss: 21.7073 | minADE6: 0.804m | minADE1: 1.435m | 9.6 steps/s | GPU -1% 101MB -1W | tau: 0.33, Top-1
 [Epoch 12/20] Step [02000/7177] | Loss: 20.4189 | minADE6: 0.794m | minADE1: 1.421m | 9.6 steps/s | GPU -1% 100MB -1W | tau: 0.33, Top-1
 [Epoch 12/20] Step [02200/7177] | Loss: 18.6312 | minADE6: 0.793m | minADE1: 1.434m | 7.8 steps/s | GPU -1% 103MB -1W | tau: 0.33, Top-1
 [Epoch 12/20] Step [02400/7177] | Loss: 19.6415 | minADE6: 0.788m | minADE1: 1.414m | 9.3 steps/s | GPU -1% 101MB -1W | tau: 0.33, Top-1
 [Epoch 12/20] Step [02600/7177] | Loss: 20.3653 | minADE6: 0.783m | minADE1: 1.404m | 7.5 steps/s | GPU -1% 102MB -1W | tau: 0.33, Top-1
 [Epoch 12/20] Step [02800/7177] | Loss: 20.0128 | minADE6: 0.790m | minADE1: 1.419m | 7.6 steps/s | GPU -1% 100MB -1W | tau: 0.33, Top-1
 [Epoch 12/20] Step [03000/7177] | Loss: 19.6516 | minADE6: 0.788m | minADE1: 1.426m | 8.2 steps/s | GPU -1% 101MB -1W | tau: 0.33, Top-1
 [Epoch 12/20] Step [03200/7177] | Loss: 20.0998 | minADE6: 0.805m | minADE1: 1.447m | 7.6 steps/s | GPU -1% 102MB -1W | tau: 0.33, Top-1
 [Epoch 12/20] Step [03400/7177] | Loss: 20.6311 | minADE6: 0.781m | minADE1: 1.414m | 9.6 steps/s | GPU -1% 102MB -1W | tau: 0.33, Top-1
 [Epoch 12/20] Step [03600/7177] | Loss: 19.2882 | minADE6: 0.801m | minADE1: 1.438m | 9.2 steps/s | GPU -1% 102MB -1W | tau: 0.33, Top-1
 [Epoch 12/20] Step [03800/7177] | Loss: 20.3124 | minADE6: 0.798m | minADE1: 1.438m | 7.5 steps/s | GPU -1% 101MB -1W | tau: 0.33, Top-1
 [Epoch 12/20] Step [04000/7177] | Loss: 20.1079 | minADE6: 0.805m | minADE1: 1.438m | 6.6 steps/s | GPU -1% 101MB -1W | tau: 0.33, Top-1
 [Epoch 12/20] Step [04200/7177] | Loss: 19.6078 | minADE6: 0.801m | minADE1: 1.430m | 9.7 steps/s | GPU -1% 101MB -1W | tau: 0.33, Top-1
 [Epoch 12/20] Step [04400/7177] | Loss: 20.5903 | minADE6: 0.809m | minADE1: 1.454m | 9.5 steps/s | GPU -1% 101MB -1W | tau: 0.33, Top-1
 [Epoch 12/20] Step [04600/7177] | Loss: 19.5082 | minADE6: 0.800m | minADE1: 1.441m | 9.0 steps/s | GPU -1% 101MB -1W | tau: 0.33, Top-1
 [Epoch 12/20] Step [04800/7177] | Loss: 19.6107 | minADE6: 0.791m | minADE1: 1.401m | 9.3 steps/s | GPU -1% 101MB -1W | tau: 0.33, Top-1
 [Epoch 12/20] Step [05000/7177] | Loss: 20.1963 | minADE6: 0.797m | minADE1: 1.421m | 9.4 steps/s | GPU -1% 102MB -1W | tau: 0.33, Top-1
 [Epoch 12/20] Step [05200/7177] | Loss: 20.8155 | minADE6: 0.797m | minADE1: 1.434m | 7.7 steps/s | GPU -1% 101MB -1W | tau: 0.33, Top-1
 [Epoch 12/20] Step [05400/7177] | Loss: 20.5666 | minADE6: 0.794m | minADE1: 1.434m | 9.6 steps/s | GPU -1% 101MB -1W | tau: 0.33, Top-1
 [Epoch 12/20] Step [05600/7177] | Loss: 20.8584 | minADE6: 0.790m | minADE1: 1.424m | 8.1 steps/s | GPU -1% 101MB -1W | tau: 0.33, Top-1
 [Epoch 12/20] Step [05800/7177] | Loss: 19.4055 | minADE6: 0.793m | minADE1: 1.404m | 9.8 steps/s | GPU -1% 103MB -1W | tau: 0.33, Top-1
 [Epoch 12/20] Step [06000/7177] | Loss: 20.0732 | minADE6: 0.789m | minADE1: 1.423m | 5.9 steps/s | GPU -1% 102MB -1W | tau: 0.33, Top-1
 [Epoch 12/20] Step [06200/7177] | Loss: 21.0888 | minADE6: 0.793m | minADE1: 1.410m | 7.5 steps/s | GPU -1% 100MB -1W | tau: 0.33, Top-1
 [Epoch 12/20] Step [06400/7177] | Loss: 20.2859 | minADE6: 0.782m | minADE1: 1.406m | 8.0 steps/s | GPU -1% 100MB -1W | tau: 0.33, Top-1
 [Epoch 12/20] Step [06600/7177] | Loss: 20.2754 | minADE6: 0.813m | minADE1: 1.451m | 9.6 steps/s | GPU -1% 101MB -1W | tau: 0.33, Top-1
 [Epoch 12/20] Step [06800/7177] | Loss: 19.2878 | minADE6: 0.795m | minADE1: 1.413m | 7.9 steps/s | GPU -1% 101MB -1W | tau: 0.33, Top-1
 [Epoch 12/20] Step [07000/7177] | Loss: 19.9038 | minADE6: 0.784m | minADE1: 1.411m | 9.4 steps/s | GPU -1% 102MB -1W | tau: 0.33, Top-1
Epoch 12/20 (846.4s, 7177 steps) | Train Loss: 20.1454, minADE6: 0.795m, minADE1: 1.425m | Val Loss: 20.7486, val_minADE6: 0.8207m, val_minADE1: 1.5274m, val_minFDE6: 13.2588m, Error Score: 1.1741
 [Epoch 13/20] Step [00050/7177] | Loss: 22.4436 | minADE6: 0.795m | minADE1: 1.460m | 8.2 steps/s | GPU -1% 101MB -1W | tau: 0.32, Top-1
 [Epoch 13/20] Step [00100/7177] | Loss: 19.4582 | minADE6: 0.788m | minADE1: 1.434m | 5.1 steps/s | GPU -1% 102MB -1W | tau: 0.32, Top-1
 [Epoch 13/20] Step [00150/7177] | Loss: 20.1679 | minADE6: 0.763m | minADE1: 1.401m | 9.7 steps/s | GPU -1% 101MB -1W | tau: 0.32, Top-1
 [Epoch 13/20] Step [00200/7177] | Loss: 20.2231 | minADE6: 0.778m | minADE1: 1.405m | 9.9 steps/s | GPU -1% 100MB -1W | tau: 0.32, Top-1
 [Epoch 13/20] Step [00400/7177] | Loss: 19.4796 | minADE6: 0.783m | minADE1: 1.404m | 6.0 steps/s | GPU -1% 101MB -1W | tau: 0.32, Top-1
 [Epoch 13/20] Step [00600/7177] | Loss: 20.6010 | minADE6: 0.798m | minADE1: 1.432m | 9.2 steps/s | GPU -1% 102MB -1W | tau: 0.32, Top-1
 [Epoch 13/20] Step [00800/7177] | Loss: 20.1318 | minADE6: 0.796m | minADE1: 1.411m | 9.5 steps/s | GPU -1% 102MB -1W | tau: 0.32, Top-1
 [Epoch 13/20] Step [01000/7177] | Loss: 19.6282 | minADE6: 0.792m | minADE1: 1.420m | 5.9 steps/s | GPU -1% 101MB -1W | tau: 0.32, Top-1
 [Epoch 13/20] Step [01200/7177] | Loss: 20.6102 | minADE6: 0.801m | minADE1: 1.424m | 9.2 steps/s | GPU -1% 101MB -1W | tau: 0.32, Top-1
 [Epoch 13/20] Step [01400/7177] | Loss: 20.1428 | minADE6: 0.794m | minADE1: 1.421m | 9.4 steps/s | GPU -1% 100MB -1W | tau: 0.32, Top-1
 [Epoch 13/20] Step [01600/7177] | Loss: 19.9343 | minADE6: 0.792m | minADE1: 1.411m | 7.8 steps/s | GPU -1% 101MB -1W | tau: 0.32, Top-1
 [Epoch 13/20] Step [01800/7177] | Loss: 20.0363 | minADE6: 0.791m | minADE1: 1.406m | 7.7 steps/s | GPU -1% 100MB -1W | tau: 0.32, Top-1
 [Epoch 13/20] Step [02000/7177] | Loss: 19.6598 | minADE6: 0.780m | minADE1: 1.397m | 7.9 steps/s | GPU -1% 101MB -1W | tau: 0.32, Top-1
 [Epoch 13/20] Step [02200/7177] | Loss: 19.3508 | minADE6: 0.789m | minADE1: 1.397m | 9.6 steps/s | GPU -1% 101MB -1W | tau: 0.32, Top-1
 [Epoch 13/20] Step [02400/7177] | Loss: 19.5578 | minADE6: 0.783m | minADE1: 1.401m | 6.2 steps/s | GPU -1% 103MB -1W | tau: 0.32, Top-1
 [Epoch 13/20] Step [02600/7177] | Loss: 20.4468 | minADE6: 0.788m | minADE1: 1.412m | 6.4 steps/s | GPU -1% 102MB -1W | tau: 0.32, Top-1
 [Epoch 13/20] Step [02800/7177] | Loss: 20.1602 | minADE6: 0.788m | minADE1: 1.402m | 8.2 steps/s | GPU -1% 102MB -1W | tau: 0.32, Top-1
 [Epoch 13/20] Step [03000/7177] | Loss: 21.2237 | minADE6: 0.796m | minADE1: 1.430m | 9.4 steps/s | GPU -1% 101MB -1W | tau: 0.32, Top-1
 [Epoch 13/20] Step [03200/7177] | Loss: 19.7777 | minADE6: 0.795m | minADE1: 1.434m | 7.7 steps/s | GPU -1% 102MB -1W | tau: 0.32, Top-1
 [Epoch 13/20] Step [03400/7177] | Loss: 22.1316 | minADE6: 0.789m | minADE1: 1.426m | 9.3 steps/s | GPU -1% 101MB -1W | tau: 0.32, Top-1
 [Epoch 13/20] Step [03600/7177] | Loss: 19.0868 | minADE6: 0.790m | minADE1: 1.420m | 9.4 steps/s | GPU -1% 101MB -1W | tau: 0.32, Top-1
 [Epoch 13/20] Step [03800/7177] | Loss: 19.5844 | minADE6: 0.783m | minADE1: 1.391m | 7.9 steps/s | GPU -1% 102MB -1W | tau: 0.32, Top-1
 [Epoch 13/20] Step [04000/7177] | Loss: 20.0071 | minADE6: 0.797m | minADE1: 1.421m | 7.9 steps/s | GPU -1% 101MB -1W | tau: 0.32, Top-1
 [Epoch 13/20] Step [04200/7177] | Loss: 19.0246 | minADE6: 0.783m | minADE1: 1.407m | 6.6 steps/s | GPU -1% 101MB -1W | tau: 0.32, Top-1
 [Epoch 13/20] Step [04400/7177] | Loss: 20.6152 | minADE6: 0.792m | minADE1: 1.421m | 6.6 steps/s | GPU -1% 102MB -1W | tau: 0.32, Top-1
 [Epoch 13/20] Step [04600/7177] | Loss: 20.2813 | minADE6: 0.782m | minADE1: 1.411m | 9.2 steps/s | GPU -1% 102MB -1W | tau: 0.32, Top-1
 [Epoch 13/20] Step [04800/7177] | Loss: 19.3397 | minADE6: 0.796m | minADE1: 1.420m | 5.1 steps/s | GPU -1% 101MB -1W | tau: 0.32, Top-1
 [Epoch 13/20] Step [05000/7177] | Loss: 22.0126 | minADE6: 0.785m | minADE1: 1.393m | 5.7 steps/s | GPU -1% 101MB -1W | tau: 0.32, Top-1
 [Epoch 13/20] Step [05200/7177] | Loss: 20.3128 | minADE6: 0.791m | minADE1: 1.420m | 5.9 steps/s | GPU -1% 101MB -1W | tau: 0.32, Top-1
 [Epoch 13/20] Step [05400/7177] | Loss: 19.8176 | minADE6: 0.790m | minADE1: 1.414m | 6.6 steps/s | GPU -1% 101MB -1W | tau: 0.32, Top-1
 [Epoch 13/20] Step [05600/7177] | Loss: 19.7281 | minADE6: 0.780m | minADE1: 1.383m | 7.9 steps/s | GPU -1% 100MB -1W | tau: 0.32, Top-1
 [Epoch 13/20] Step [05800/7177] | Loss: 19.5027 | minADE6: 0.783m | minADE1: 1.405m | 5.6 steps/s | GPU -1% 101MB -1W | tau: 0.32, Top-1
 [Epoch 13/20] Step [06000/7177] | Loss: 21.0177 | minADE6: 0.782m | minADE1: 1.408m | 5.2 steps/s | GPU -1% 102MB -1W | tau: 0.32, Top-1
 [Epoch 13/20] Step [06200/7177] | Loss: 20.2591 | minADE6: 0.799m | minADE1: 1.435m | 9.2 steps/s | GPU -1% 102MB -1W | tau: 0.32, Top-1
 [Epoch 13/20] Step [06400/7177] | Loss: 19.4852 | minADE6: 0.785m | minADE1: 1.419m | 7.7 steps/s | GPU -1% 101MB -1W | tau: 0.32, Top-1
 [Epoch 13/20] Step [06600/7177] | Loss: 20.5835 | minADE6: 0.791m | minADE1: 1.417m | 7.9 steps/s | GPU -1% 100MB -1W | tau: 0.32, Top-1
 [Epoch 13/20] Step [06800/7177] | Loss: 19.8235 | minADE6: 0.784m | minADE1: 1.415m | 9.3 steps/s | GPU -1% 101MB -1W | tau: 0.32, Top-1
 [Epoch 13/20] Step [07000/7177] | Loss: 20.4349 | minADE6: 0.791m | minADE1: 1.419m | 9.3 steps/s | GPU -1% 103MB -1W | tau: 0.32, Top-1
Epoch 13/20 (960.6s, 7177 steps) | Train Loss: 20.1256, minADE6: 0.789m, minADE1: 1.414m | Val Loss: 20.7074, val_minADE6: 0.8295m, val_minADE1: 1.4877m, val_minFDE6: 13.2472m, Error Score: 1.1586
[NEW BEST Error Score]: 1.1586 saved!
 [Epoch 14/20] Step [00050/7177] | Loss: 18.8933 | minADE6: 0.783m | minADE1: 1.399m | 4.3 steps/s | GPU -1% 102MB -1W | tau: 0.31, Top-1
 [Epoch 14/20] Step [00100/7177] | Loss: 18.8699 | minADE6: 0.773m | minADE1: 1.374m | 9.7 steps/s | GPU -1% 101MB -1W | tau: 0.31, Top-1
 [Epoch 14/20] Step [00150/7177] | Loss: 22.1325 | minADE6: 0.820m | minADE1: 1.446m | 9.9 steps/s | GPU -1% 101MB -1W | tau: 0.31, Top-1
 [Epoch 14/20] Step [00200/7177] | Loss: 18.0492 | minADE6: 0.777m | minADE1: 1.372m | 9.9 steps/s | GPU -1% 100MB -1W | tau: 0.31, Top-1
 [Epoch 14/20] Step [00400/7177] | Loss: 20.5060 | minADE6: 0.783m | minADE1: 1.392m | 9.2 steps/s | GPU -1% 101MB -1W | tau: 0.31, Top-1
 [Epoch 14/20] Step [00600/7177] | Loss: 20.3959 | minADE6: 0.783m | minADE1: 1.402m | 5.5 steps/s | GPU -1% 101MB -1W | tau: 0.31, Top-1
 [Epoch 14/20] Step [00800/7177] | Loss: 18.1647 | minADE6: 0.781m | minADE1: 1.397m | 6.3 steps/s | GPU -1% 101MB -1W | tau: 0.31, Top-1
 [Epoch 14/20] Step [01000/7177] | Loss: 20.8246 | minADE6: 0.774m | minADE1: 1.378m | 9.4 steps/s | GPU -1% 100MB -1W | tau: 0.31, Top-1
 [Epoch 14/20] Step [01200/7177] | Loss: 18.2734 | minADE6: 0.767m | minADE1: 1.359m | 7.6 steps/s | GPU -1% 101MB -1W | tau: 0.31, Top-1
 [Epoch 14/20] Step [01400/7177] | Loss: 20.8810 | minADE6: 0.779m | minADE1: 1.392m | 7.7 steps/s | GPU -1% 103MB -1W | tau: 0.31, Top-1
 [Epoch 14/20] Step [01600/7177] | Loss: 19.0941 | minADE6: 0.796m | minADE1: 1.414m | 7.6 steps/s | GPU -1% 101MB -1W | tau: 0.31, Top-1
 [Epoch 14/20] Step [01800/7177] | Loss: 19.3331 | minADE6: 0.782m | minADE1: 1.406m | 4.4 steps/s | GPU -1% 101MB -1W | tau: 0.31, Top-1
 [Epoch 14/20] Step [02000/7177] | Loss: 20.1065 | minADE6: 0.776m | minADE1: 1.383m | 6.4 steps/s | GPU -1% 102MB -1W | tau: 0.31, Top-1
 [Epoch 14/20] Step [02200/7177] | Loss: 20.0278 | minADE6: 0.788m | minADE1: 1.399m | 5.0 steps/s | GPU -1% 102MB -1W | tau: 0.31, Top-1
 [Epoch 14/20] Step [02400/7177] | Loss: 21.1708 | minADE6: 0.788m | minADE1: 1.416m | 7.8 steps/s | GPU -1% 103MB -1W | tau: 0.31, Top-1
 [Epoch 14/20] Step [02600/7177] | Loss: 21.1231 | minADE6: 0.773m | minADE1: 1.393m | 6.3 steps/s | GPU -1% 101MB -1W | tau: 0.31, Top-1
 [Epoch 14/20] Step [02800/7177] | Loss: 19.6022 | minADE6: 0.805m | minADE1: 1.451m | 8.7 steps/s | GPU -1% 100MB -1W | tau: 0.31, Top-1
 [Epoch 14/20] Step [03000/7177] | Loss: 20.1045 | minADE6: 0.783m | minADE1: 1.407m | 7.9 steps/s | GPU -1% 101MB -1W | tau: 0.31, Top-1
 [Epoch 14/20] Step [03200/7177] | Loss: 19.9335 | minADE6: 0.791m | minADE1: 1.432m | 9.5 steps/s | GPU -1% 100MB -1W | tau: 0.31, Top-1
 [Epoch 14/20] Step [03400/7177] | Loss: 20.1584 | minADE6: 0.780m | minADE1: 1.416m | 6.5 steps/s | GPU -1% 102MB -1W | tau: 0.31, Top-1
 [Epoch 14/20] Step [03600/7177] | Loss: 20.1965 | minADE6: 0.794m | minADE1: 1.428m | 7.9 steps/s | GPU -1% 101MB -1W | tau: 0.31, Top-1
 [Epoch 14/20] Step [03800/7177] | Loss: 19.3395 | minADE6: 0.771m | minADE1: 1.388m | 6.5 steps/s | GPU -1% 101MB -1W | tau: 0.31, Top-1
 [Epoch 14/20] Step [04000/7177] | Loss: 19.7151 | minADE6: 0.786m | minADE1: 1.433m | 9.1 steps/s | GPU -1% 101MB -1W | tau: 0.31, Top-1
 [Epoch 14/20] Step [04200/7177] | Loss: 20.8345 | minADE6: 0.790m | minADE1: 1.448m | 9.3 steps/s | GPU -1% 102MB -1W | tau: 0.31, Top-1
 [Epoch 14/20] Step [04400/7177] | Loss: 19.8340 | minADE6: 0.795m | minADE1: 1.426m | 7.7 steps/s | GPU -1% 102MB -1W | tau: 0.31, Top-1
 [Epoch 14/20] Step [04600/7177] | Loss: 21.1558 | minADE6: 0.789m | minADE1: 1.403m | 7.6 steps/s | GPU -1% 101MB -1W | tau: 0.31, Top-1
 [Epoch 14/20] Step [04800/7177] | Loss: 20.8742 | minADE6: 0.786m | minADE1: 1.410m | 9.0 steps/s | GPU -1% 101MB -1W | tau: 0.31, Top-1
 [Epoch 14/20] Step [05000/7177] | Loss: 20.6864 | minADE6: 0.776m | minADE1: 1.412m | 9.3 steps/s | GPU -1% 102MB -1W | tau: 0.31, Top-1
 [Epoch 14/20] Step [05200/7177] | Loss: 20.3099 | minADE6: 0.801m | minADE1: 1.434m | 6.5 steps/s | GPU -1% 101MB -1W | tau: 0.31, Top-1
 [Epoch 14/20] Step [05400/7177] | Loss: 20.8804 | minADE6: 0.784m | minADE1: 1.402m | 6.6 steps/s | GPU -1% 102MB -1W | tau: 0.31, Top-1
 [Epoch 14/20] Step [05600/7177] | Loss: 19.7235 | minADE6: 0.795m | minADE1: 1.424m | 6.5 steps/s | GPU -1% 99MB -1W | tau: 0.31, Top-1
 [Epoch 14/20] Step [05800/7177] | Loss: 20.0507 | minADE6: 0.793m | minADE1: 1.430m | 9.7 steps/s | GPU -1% 101MB -1W | tau: 0.31, Top-1
 [Epoch 14/20] Step [06000/7177] | Loss: 19.6063 | minADE6: 0.769m | minADE1: 1.385m | 7.7 steps/s | GPU -1% 101MB -1W | tau: 0.31, Top-1
 [Epoch 14/20] Step [06200/7177] | Loss: 19.9102 | minADE6: 0.790m | minADE1: 1.408m | 4.4 steps/s | GPU -1% 102MB -1W | tau: 0.31, Top-1
 [Epoch 14/20] Step [06400/7177] | Loss: 20.5799 | minADE6: 0.777m | minADE1: 1.382m | 9.4 steps/s | GPU -1% 101MB -1W | tau: 0.31, Top-1
 [Epoch 14/20] Step [06600/7177] | Loss: 21.2492 | minADE6: 0.785m | minADE1: 1.403m | 5.5 steps/s | GPU -1% 102MB -1W | tau: 0.31, Top-1
 [Epoch 14/20] Step [06800/7177] | Loss: 20.5591 | minADE6: 0.787m | minADE1: 1.419m | 7.6 steps/s | GPU -1% 102MB -1W | tau: 0.31, Top-1
 [Epoch 14/20] Step [07000/7177] | Loss: 19.5943 | minADE6: 0.787m | minADE1: 1.412m | 9.3 steps/s | GPU -1% 101MB -1W | tau: 0.31, Top-1
Epoch 14/20 (992.8s, 7177 steps) | Train Loss: 20.1249, minADE6: 0.785m, minADE1: 1.408m | Val Loss: 20.6792, val_minADE6: 0.8221m, val_minADE1: 1.4843m, val_minFDE6: 13.1992m, Error Score: 1.1532
[NEW BEST Error Score]: 1.1532 saved!
 [Epoch 15/20] Step [00050/7177] | Loss: 19.1232 | minADE6: 0.766m | minADE1: 1.375m | 7.2 steps/s | GPU -1% 101MB -1W | tau: 0.30, Top-1
 [Epoch 15/20] Step [00100/7177] | Loss: 19.7456 | minADE6: 0.782m | minADE1: 1.407m | 3.3 steps/s | GPU -1% 102MB -1W | tau: 0.30, Top-1
 [Epoch 15/20] Step [00150/7177] | Loss: 20.6524 | minADE6: 0.783m | minADE1: 1.436m | 9.1 steps/s | GPU -1% 102MB -1W | tau: 0.30, Top-1
 [Epoch 15/20] Step [00200/7177] | Loss: 22.8105 | minADE6: 0.797m | minADE1: 1.456m | 5.0 steps/s | GPU -1% 102MB -1W | tau: 0.30, Top-1
 [Epoch 15/20] Step [00400/7177] | Loss: 19.7974 | minADE6: 0.788m | minADE1: 1.410m | 9.2 steps/s | GPU -1% 101MB -1W | tau: 0.30, Top-1
 [Epoch 15/20] Step [00600/7177] | Loss: 20.2748 | minADE6: 0.781m | minADE1: 1.396m | 7.6 steps/s | GPU -1% 101MB -1W | tau: 0.30, Top-1
 [Epoch 15/20] Step [00800/7177] | Loss: 19.0132 | minADE6: 0.785m | minADE1: 1.419m | 6.4 steps/s | GPU -1% 102MB -1W | tau: 0.30, Top-1
 [Epoch 15/20] Step [01000/7177] | Loss: 20.2901 | minADE6: 0.797m | minADE1: 1.418m | 9.3 steps/s | GPU -1% 101MB -1W | tau: 0.30, Top-1
 [Epoch 15/20] Step [01200/7177] | Loss: 21.3062 | minADE6: 0.772m | minADE1: 1.382m | 6.5 steps/s | GPU -1% 101MB -1W | tau: 0.30, Top-1
 [Epoch 15/20] Step [01400/7177] | Loss: 19.3843 | minADE6: 0.782m | minADE1: 1.401m | 6.4 steps/s | GPU -1% 101MB -1W | tau: 0.30, Top-1
 [Epoch 15/20] Step [01600/7177] | Loss: 20.2625 | minADE6: 0.795m | minADE1: 1.421m | 9.2 steps/s | GPU -1% 100MB -1W | tau: 0.30, Top-1
 [Epoch 15/20] Step [01800/7177] | Loss: 19.6633 | minADE6: 0.782m | minADE1: 1.405m | 9.3 steps/s | GPU -1% 102MB -1W | tau: 0.30, Top-1
 [Epoch 15/20] Step [02000/7177] | Loss: 18.6370 | minADE6: 0.771m | minADE1: 1.384m | 9.4 steps/s | GPU -1% 102MB -1W | tau: 0.30, Top-1
 [Epoch 15/20] Step [02200/7177] | Loss: 20.7585 | minADE6: 0.787m | minADE1: 1.413m | 7.6 steps/s | GPU -1% 102MB -1W | tau: 0.30, Top-1
 [Epoch 15/20] Step [02400/7177] | Loss: 18.6380 | minADE6: 0.779m | minADE1: 1.398m | 5.5 steps/s | GPU -1% 101MB -1W | tau: 0.30, Top-1
 [Epoch 15/20] Step [02600/7177] | Loss: 19.8206 | minADE6: 0.789m | minADE1: 1.417m | 6.4 steps/s | GPU -1% 100MB -1W | tau: 0.30, Top-1
 [Epoch 15/20] Step [02800/7177] | Loss: 20.2441 | minADE6: 0.780m | minADE1: 1.406m | 4.4 steps/s | GPU -1% 102MB -1W | tau: 0.30, Top-1
 [Epoch 15/20] Step [03000/7177] | Loss: 21.2345 | minADE6: 0.781m | minADE1: 1.397m | 6.4 steps/s | GPU -1% 102MB -1W | tau: 0.30, Top-1
 [Epoch 15/20] Step [03200/7177] | Loss: 18.9863 | minADE6: 0.775m | minADE1: 1.390m | 9.0 steps/s | GPU -1% 101MB -1W | tau: 0.30, Top-1
 [Epoch 15/20] Step [03400/7177] | Loss: 20.4259 | minADE6: 0.796m | minADE1: 1.434m | 5.6 steps/s | GPU -1% 100MB -1W | tau: 0.30, Top-1
 [Epoch 15/20] Step [03600/7177] | Loss: 20.1824 | minADE6: 0.778m | minADE1: 1.397m | 7.6 steps/s | GPU -1% 100MB -1W | tau: 0.30, Top-1
 [Epoch 15/20] Step [03800/7177] | Loss: 19.5452 | minADE6: 0.786m | minADE1: 1.420m | 7.7 steps/s | GPU -1% 102MB -1W | tau: 0.30, Top-1
 [Epoch 15/20] Step [04000/7177] | Loss: 20.4511 | minADE6: 0.787m | minADE1: 1.417m | 7.9 steps/s | GPU -1% 100MB -1W | tau: 0.30, Top-1
 [Epoch 15/20] Step [04200/7177] | Loss: 19.5764 | minADE6: 0.773m | minADE1: 1.393m | 5.7 steps/s | GPU -1% 102MB -1W | tau: 0.30, Top-1
 [Epoch 15/20] Step [04400/7177] | Loss: 22.1482 | minADE6: 0.788m | minADE1: 1.420m | 6.4 steps/s | GPU -1% 101MB -1W | tau: 0.30, Top-1
 [Epoch 15/20] Step [04600/7177] | Loss: 20.2291 | minADE6: 0.781m | minADE1: 1.392m | 5.0 steps/s | GPU -1% 101MB -1W | tau: 0.30, Top-1
 [Epoch 15/20] Step [04800/7177] | Loss: 21.1192 | minADE6: 0.781m | minADE1: 1.397m | 9.4 steps/s | GPU -1% 101MB -1W | tau: 0.30, Top-1
 [Epoch 15/20] Step [05000/7177] | Loss: 19.0590 | minADE6: 0.776m | minADE1: 1.404m | 7.4 steps/s | GPU -1% 102MB -1W | tau: 0.30, Top-1
 [Epoch 15/20] Step [05200/7177] | Loss: 21.1620 | minADE6: 0.784m | minADE1: 1.409m | 9.3 steps/s | GPU -1% 102MB -1W | tau: 0.30, Top-1
 [Epoch 15/20] Step [05400/7177] | Loss: 19.9291 | minADE6: 0.780m | minADE1: 1.388m | 7.6 steps/s | GPU -1% 103MB -1W | tau: 0.30, Top-1
 [Epoch 15/20] Step [05600/7177] | Loss: 19.7242 | minADE6: 0.786m | minADE1: 1.411m | 9.4 steps/s | GPU -1% 102MB -1W | tau: 0.30, Top-1
 [Epoch 15/20] Step [05800/7177] | Loss: 20.9669 | minADE6: 0.788m | minADE1: 1.411m | 9.4 steps/s | GPU -1% 101MB -1W | tau: 0.30, Top-1
 [Epoch 15/20] Step [06000/7177] | Loss: 19.8055 | minADE6: 0.779m | minADE1: 1.410m | 7.7 steps/s | GPU -1% 101MB -1W | tau: 0.30, Top-1
 [Epoch 15/20] Step [06200/7177] | Loss: 20.9011 | minADE6: 0.779m | minADE1: 1.399m | 9.2 steps/s | GPU -1% 101MB -1W | tau: 0.30, Top-1
 [Epoch 15/20] Step [06400/7177] | Loss: 20.6723 | minADE6: 0.786m | minADE1: 1.420m | 9.0 steps/s | GPU -1% 101MB -1W | tau: 0.30, Top-1
 [Epoch 15/20] Step [06600/7177] | Loss: 19.8856 | minADE6: 0.781m | minADE1: 1.389m | 9.3 steps/s | GPU -1% 101MB -1W | tau: 0.30, Top-1
 [Epoch 15/20] Step [06800/7177] | Loss: 19.2651 | minADE6: 0.779m | minADE1: 1.400m | 9.3 steps/s | GPU -1% 102MB -1W | tau: 0.30, Top-1
 [Epoch 15/20] Step [07000/7177] | Loss: 19.3624 | minADE6: 0.765m | minADE1: 1.376m | 9.3 steps/s | GPU -1% 102MB -1W | tau: 0.30, Top-1
Epoch 15/20 (978.1s, 7177 steps) | Train Loss: 20.0634, minADE6: 0.782m, minADE1: 1.404m | Val Loss: 20.6757, val_minADE6: 0.8139m, val_minADE1: 1.4622m, val_minFDE6: 13.2019m, Error Score: 1.1380
[NEW BEST Error Score]: 1.1380 saved!
 [Epoch 16/20] Step [00050/7177] | Loss: 19.3597 | minADE6: 0.757m | minADE1: 1.358m | 7.9 steps/s | GPU -1% 101MB -1W | tau: 0.29, Top-1
 [Epoch 16/20] Step [00100/7177] | Loss: 20.9499 | minADE6: 0.762m | minADE1: 1.376m | 9.4 steps/s | GPU -1% 101MB -1W | tau: 0.29, Top-1
 [Epoch 16/20] Step [00150/7177] | Loss: 19.0267 | minADE6: 0.779m | minADE1: 1.396m | 9.7 steps/s | GPU -1% 100MB -1W | tau: 0.29, Top-1
 [Epoch 16/20] Step [00200/7177] | Loss: 22.2474 | minADE6: 0.789m | minADE1: 1.429m | 9.4 steps/s | GPU -1% 100MB -1W | tau: 0.29, Top-1
 [Epoch 16/20] Step [00400/7177] | Loss: 19.5994 | minADE6: 0.783m | minADE1: 1.401m | 9.1 steps/s | GPU -1% 102MB -1W | tau: 0.29, Top-1
 [Epoch 16/20] Step [00600/7177] | Loss: 20.3108 | minADE6: 0.776m | minADE1: 1.401m | 9.2 steps/s | GPU -1% 101MB -1W | tau: 0.29, Top-1
 [Epoch 16/20] Step [00800/7177] | Loss: 19.2688 | minADE6: 0.782m | minADE1: 1.408m | 7.6 steps/s | GPU -1% 100MB -1W | tau: 0.29, Top-1
 [Epoch 16/20] Step [01000/7177] | Loss: 18.8953 | minADE6: 0.781m | minADE1: 1.403m | 7.6 steps/s | GPU -1% 102MB -1W | tau: 0.29, Top-1
 [Epoch 16/20] Step [01200/7177] | Loss: 19.8695 | minADE6: 0.772m | minADE1: 1.406m | 9.6 steps/s | GPU -1% 102MB -1W | tau: 0.29, Top-1
 [Epoch 16/20] Step [01400/7177] | Loss: 20.7330 | minADE6: 0.779m | minADE1: 1.411m | 9.7 steps/s | GPU -1% 102MB -1W | tau: 0.29, Top-1
 [Epoch 16/20] Step [01600/7177] | Loss: 19.3234 | minADE6: 0.781m | minADE1: 1.396m | 9.6 steps/s | GPU -1% 103MB -1W | tau: 0.29, Top-1
 [Epoch 16/20] Step [01800/7177] | Loss: 20.7318 | minADE6: 0.779m | minADE1: 1.398m | 9.4 steps/s | GPU -1% 101MB -1W | tau: 0.29, Top-1
 [Epoch 16/20] Step [02000/7177] | Loss: 19.8553 | minADE6: 0.777m | minADE1: 1.391m | 9.5 steps/s | GPU -1% 101MB -1W | tau: 0.29, Top-1
 [Epoch 16/20] Step [02200/7177] | Loss: 20.1287 | minADE6: 0.785m | minADE1: 1.421m | 6.4 steps/s | GPU -1% 101MB -1W | tau: 0.29, Top-1
 [Epoch 16/20] Step [02400/7177] | Loss: 20.0844 | minADE6: 0.785m | minADE1: 1.401m | 6.5 steps/s | GPU -1% 102MB -1W | tau: 0.29, Top-1
 [Epoch 16/20] Step [02600/7177] | Loss: 20.8118 | minADE6: 0.779m | minADE1: 1.402m | 5.8 steps/s | GPU -1% 100MB -1W | tau: 0.29, Top-1
 [Epoch 16/20] Step [02800/7177] | Loss: 21.2319 | minADE6: 0.774m | minADE1: 1.369m | 7.7 steps/s | GPU -1% 100MB -1W | tau: 0.29, Top-1
 [Epoch 16/20] Step [03000/7177] | Loss: 19.5284 | minADE6: 0.786m | minADE1: 1.412m | 6.5 steps/s | GPU -1% 100MB -1W | tau: 0.29, Top-1
 [Epoch 16/20] Step [03200/7177] | Loss: 19.9604 | minADE6: 0.778m | minADE1: 1.389m | 5.6 steps/s | GPU -1% 101MB -1W | tau: 0.29, Top-1
 [Epoch 16/20] Step [03400/7177] | Loss: 19.9954 | minADE6: 0.763m | minADE1: 1.367m | 6.4 steps/s | GPU -1% 101MB -1W | tau: 0.29, Top-1
 [Epoch 16/20] Step [03600/7177] | Loss: 20.7046 | minADE6: 0.779m | minADE1: 1.397m | 7.6 steps/s | GPU -1% 102MB -1W | tau: 0.29, Top-1
 [Epoch 16/20] Step [03800/7177] | Loss: 19.4683 | minADE6: 0.769m | minADE1: 1.367m | 9.2 steps/s | GPU -1% 102MB -1W | tau: 0.29, Top-1
 [Epoch 16/20] Step [04000/7177] | Loss: 19.7047 | minADE6: 0.781m | minADE1: 1.392m | 6.3 steps/s | GPU -1% 101MB -1W | tau: 0.29, Top-1
 [Epoch 16/20] Step [04200/7177] | Loss: 19.3406 | minADE6: 0.770m | minADE1: 1.381m | 8.2 steps/s | GPU -1% 100MB -1W | tau: 0.29, Top-1
 [Epoch 16/20] Step [04400/7177] | Loss: 19.8720 | minADE6: 0.775m | minADE1: 1.404m | 8.9 steps/s | GPU -1% 101MB -1W | tau: 0.29, Top-1
 [Epoch 16/20] Step [04600/7177] | Loss: 19.9530 | minADE6: 0.772m | minADE1: 1.389m | 6.5 steps/s | GPU -1% 102MB -1W | tau: 0.29, Top-1
 [Epoch 16/20] Step [04800/7177] | Loss: 20.1361 | minADE6: 0.777m | minADE1: 1.395m | 6.4 steps/s | GPU -1% 100MB -1W | tau: 0.29, Top-1
 [Epoch 16/20] Step [05000/7177] | Loss: 20.7676 | minADE6: 0.777m | minADE1: 1.405m | 9.3 steps/s | GPU -1% 101MB -1W | tau: 0.29, Top-1
 [Epoch 16/20] Step [05200/7177] | Loss: 20.3643 | minADE6: 0.774m | minADE1: 1.391m | 5.6 steps/s | GPU -1% 101MB -1W | tau: 0.29, Top-1
 [Epoch 16/20] Step [05400/7177] | Loss: 20.3358 | minADE6: 0.780m | minADE1: 1.382m | 7.6 steps/s | GPU -1% 101MB -1W | tau: 0.29, Top-1
 [Epoch 16/20] Step [05600/7177] | Loss: 20.1718 | minADE6: 0.773m | minADE1: 1.390m | 7.6 steps/s | GPU -1% 101MB -1W | tau: 0.29, Top-1
 [Epoch 16/20] Step [05800/7177] | Loss: 19.4830 | minADE6: 0.779m | minADE1: 1.375m | 9.5 steps/s | GPU -1% 101MB -1W | tau: 0.29, Top-1
 [Epoch 16/20] Step [06000/7177] | Loss: 19.7519 | minADE6: 0.779m | minADE1: 1.409m | 7.7 steps/s | GPU -1% 101MB -1W | tau: 0.29, Top-1
 [Epoch 16/20] Step [06200/7177] | Loss: 19.7282 | minADE6: 0.783m | minADE1: 1.424m | 7.8 steps/s | GPU -1% 102MB -1W | tau: 0.29, Top-1
 [Epoch 16/20] Step [06400/7177] | Loss: 20.0543 | minADE6: 0.774m | minADE1: 1.398m | 9.2 steps/s | GPU -1% 101MB -1W | tau: 0.29, Top-1
 [Epoch 16/20] Step [06600/7177] | Loss: 18.9770 | minADE6: 0.770m | minADE1: 1.377m | 8.7 steps/s | GPU -1% 101MB -1W | tau: 0.29, Top-1
 [Epoch 16/20] Step [06800/7177] | Loss: 19.8085 | minADE6: 0.775m | minADE1: 1.391m | 8.5 steps/s | GPU -1% 103MB -1W | tau: 0.29, Top-1
 [Epoch 16/20] Step [07000/7177] | Loss: 20.6766 | minADE6: 0.781m | minADE1: 1.412m | 5.2 steps/s | GPU -1% 101MB -1W | tau: 0.29, Top-1
Epoch 16/20 (950.1s, 7177 steps) | Train Loss: 20.0059, minADE6: 0.777m, minADE1: 1.394m | Val Loss: 20.6500, val_minADE6: 0.8032m, val_minADE1: 1.4825m, val_minFDE6: 13.1863m, Error Score: 1.1429
[NEW BEST minADE6]: 0.8032m saved!
 [Epoch 17/20] Step [00050/7177] | Loss: 21.4473 | minADE6: 0.769m | minADE1: 1.396m | 4.3 steps/s | GPU -1% 102MB -1W | tau: 0.28, Top-1
 [Epoch 17/20] Step [00100/7177] | Loss: 18.7768 | minADE6: 0.737m | minADE1: 1.325m | 9.4 steps/s | GPU -1% 101MB -1W | tau: 0.28, Top-1
 [Epoch 17/20] Step [00150/7177] | Loss: 19.3943 | minADE6: 0.793m | minADE1: 1.428m | 9.4 steps/s | GPU -1% 101MB -1W | tau: 0.28, Top-1
 [Epoch 17/20] Step [00200/7177] | Loss: 19.8263 | minADE6: 0.781m | minADE1: 1.375m | 3.9 steps/s | GPU -1% 101MB -1W | tau: 0.28, Top-1
 [Epoch 17/20] Step [00400/7177] | Loss: 20.3077 | minADE6: 0.771m | minADE1: 1.375m | 3.8 steps/s | GPU -1% 100MB -1W | tau: 0.28, Top-1
 [Epoch 17/20] Step [00600/7177] | Loss: 19.9356 | minADE6: 0.766m | minADE1: 1.373m | 4.1 steps/s | GPU -1% 102MB -1W | tau: 0.28, Top-1
 [Epoch 17/20] Step [00800/7177] | Loss: 19.8929 | minADE6: 0.779m | minADE1: 1.385m | 5.3 steps/s | GPU -1% 100MB -1W | tau: 0.28, Top-1
 [Epoch 17/20] Step [01000/7177] | Loss: 20.6986 | minADE6: 0.785m | minADE1: 1.414m | 5.7 steps/s | GPU -1% 101MB -1W | tau: 0.28, Top-1
 [Epoch 17/20] Step [01200/7177] | Loss: 19.2408 | minADE6: 0.763m | minADE1: 1.378m | 5.1 steps/s | GPU -1% 101MB -1W | tau: 0.28, Top-1
 [Epoch 17/20] Step [01400/7177] | Loss: 20.1601 | minADE6: 0.768m | minADE1: 1.374m | 7.8 steps/s | GPU -1% 101MB -1W | tau: 0.28, Top-1
 [Epoch 17/20] Step [01600/7177] | Loss: 19.7412 | minADE6: 0.785m | minADE1: 1.421m | 9.2 steps/s | GPU -1% 101MB -1W | tau: 0.28, Top-1
 [Epoch 17/20] Step [01800/7177] | Loss: 19.3158 | minADE6: 0.765m | minADE1: 1.384m | 9.1 steps/s | GPU -1% 100MB -1W | tau: 0.28, Top-1
 [Epoch 17/20] Step [02000/7177] | Loss: 20.1400 | minADE6: 0.768m | minADE1: 1.392m | 7.3 steps/s | GPU -1% 102MB -1W | tau: 0.28, Top-1
 [Epoch 17/20] Step [02200/7177] | Loss: 20.8428 | minADE6: 0.780m | minADE1: 1.402m | 6.4 steps/s | GPU -1% 102MB -1W | tau: 0.28, Top-1
 [Epoch 17/20] Step [02400/7177] | Loss: 20.4532 | minADE6: 0.774m | minADE1: 1.380m | 6.3 steps/s | GPU -1% 101MB -1W | tau: 0.28, Top-1
 [Epoch 17/20] Step [02600/7177] | Loss: 20.4141 | minADE6: 0.773m | minADE1: 1.381m | 7.3 steps/s | GPU -1% 102MB -1W | tau: 0.28, Top-1
 [Epoch 17/20] Step [02800/7177] | Loss: 19.8677 | minADE6: 0.773m | minADE1: 1.386m | 9.1 steps/s | GPU -1% 101MB -1W | tau: 0.28, Top-1
 [Epoch 17/20] Step [03000/7177] | Loss: 20.5613 | minADE6: 0.778m | minADE1: 1.406m | 6.6 steps/s | GPU -1% 101MB -1W | tau: 0.28, Top-1
 [Epoch 17/20] Step [03200/7177] | Loss: 20.4624 | minADE6: 0.770m | minADE1: 1.367m | 9.6 steps/s | GPU -1% 102MB -1W | tau: 0.28, Top-1
 [Epoch 17/20] Step [03400/7177] | Loss: 19.5006 | minADE6: 0.790m | minADE1: 1.402m | 9.7 steps/s | GPU -1% 102MB -1W | tau: 0.28, Top-1
 [Epoch 17/20] Step [03600/7177] | Loss: 20.0946 | minADE6: 0.773m | minADE1: 1.386m | 9.7 steps/s | GPU -1% 100MB -1W | tau: 0.28, Top-1
 [Epoch 17/20] Step [03800/7177] | Loss: 20.0950 | minADE6: 0.781m | minADE1: 1.408m | 8.0 steps/s | GPU -1% 102MB -1W | tau: 0.28, Top-1
 [Epoch 17/20] Step [04000/7177] | Loss: 20.7643 | minADE6: 0.768m | minADE1: 1.385m | 7.4 steps/s | GPU -1% 101MB -1W | tau: 0.28, Top-1
 [Epoch 17/20] Step [04200/7177] | Loss: 19.2825 | minADE6: 0.776m | minADE1: 1.407m | 7.6 steps/s | GPU -1% 101MB -1W | tau: 0.28, Top-1
 [Epoch 17/20] Step [04400/7177] | Loss: 20.1346 | minADE6: 0.776m | minADE1: 1.405m | 9.6 steps/s | GPU -1% 101MB -1W | tau: 0.28, Top-1
 [Epoch 17/20] Step [04600/7177] | Loss: 19.7807 | minADE6: 0.773m | minADE1: 1.386m | 7.6 steps/s | GPU -1% 101MB -1W | tau: 0.28, Top-1
 [Epoch 17/20] Step [04800/7177] | Loss: 20.1087 | minADE6: 0.765m | minADE1: 1.368m | 6.5 steps/s | GPU -1% 102MB -1W | tau: 0.28, Top-1
 [Epoch 17/20] Step [05000/7177] | Loss: 18.5189 | minADE6: 0.782m | minADE1: 1.403m | 6.5 steps/s | GPU -1% 100MB -1W | tau: 0.28, Top-1
 [Epoch 17/20] Step [05200/7177] | Loss: 19.6767 | minADE6: 0.774m | minADE1: 1.395m | 9.2 steps/s | GPU -1% 102MB -1W | tau: 0.28, Top-1
 [Epoch 17/20] Step [05400/7177] | Loss: 20.0713 | minADE6: 0.770m | minADE1: 1.381m | 5.8 steps/s | GPU -1% 102MB -1W | tau: 0.28, Top-1
 [Epoch 17/20] Step [05600/7177] | Loss: 20.4302 | minADE6: 0.784m | minADE1: 1.429m | 9.5 steps/s | GPU -1% 101MB -1W | tau: 0.28, Top-1
 [Epoch 17/20] Step [05800/7177] | Loss: 19.6734 | minADE6: 0.780m | minADE1: 1.411m | 7.7 steps/s | GPU -1% 100MB -1W | tau: 0.28, Top-1
 [Epoch 17/20] Step [06000/7177] | Loss: 19.1231 | minADE6: 0.764m | minADE1: 1.366m | 9.3 steps/s | GPU -1% 101MB -1W | tau: 0.28, Top-1
 [Epoch 17/20] Step [06200/7177] | Loss: 21.3073 | minADE6: 0.796m | minADE1: 1.439m | 7.5 steps/s | GPU -1% 101MB -1W | tau: 0.28, Top-1
 [Epoch 17/20] Step [06400/7177] | Loss: 19.1952 | minADE6: 0.776m | minADE1: 1.395m | 7.4 steps/s | GPU -1% 104MB -1W | tau: 0.28, Top-1
 [Epoch 17/20] Step [06600/7177] | Loss: 20.6446 | minADE6: 0.785m | minADE1: 1.400m | 6.4 steps/s | GPU -1% 100MB -1W | tau: 0.28, Top-1
 [Epoch 17/20] Step [06800/7177] | Loss: 20.3690 | minADE6: 0.777m | minADE1: 1.392m | 9.3 steps/s | GPU -1% 101MB -1W | tau: 0.28, Top-1
 [Epoch 17/20] Step [07000/7177] | Loss: 21.1496 | minADE6: 0.778m | minADE1: 1.400m | 9.0 steps/s | GPU -1% 102MB -1W | tau: 0.28, Top-1
Epoch 17/20 (1015.0s, 7177 steps) | Train Loss: 20.0272, minADE6: 0.775m, minADE1: 1.393m | Val Loss: 20.6597, val_minADE6: 0.8061m, val_minADE1: 1.4694m, val_minFDE6: 13.1888m, Error Score: 1.1377
[NEW BEST Error Score]: 1.1377 saved!
 [Epoch 18/20] Step [00050/7177] | Loss: 23.0518 | minADE6: 0.779m | minADE1: 1.384m | 3.5 steps/s | GPU -1% 100MB -1W | tau: 0.27, Top-1
 [Epoch 18/20] Step [00100/7177] | Loss: 22.1269 | minADE6: 0.787m | minADE1: 1.425m | 9.1 steps/s | GPU -1% 101MB -1W | tau: 0.27, Top-1
 [Epoch 18/20] Step [00150/7177] | Loss: 21.2362 | minADE6: 0.768m | minADE1: 1.380m | 9.3 steps/s | GPU -1% 100MB -1W | tau: 0.27, Top-1
 [Epoch 18/20] Step [00200/7177] | Loss: 19.1417 | minADE6: 0.801m | minADE1: 1.415m | 4.9 steps/s | GPU -1% 102MB -1W | tau: 0.27, Top-1
 [Epoch 18/20] Step [00400/7177] | Loss: 19.8105 | minADE6: 0.768m | minADE1: 1.374m | 7.1 steps/s | GPU -1% 101MB -1W | tau: 0.27, Top-1
 [Epoch 18/20] Step [00600/7177] | Loss: 18.5875 | minADE6: 0.756m | minADE1: 1.364m | 7.9 steps/s | GPU -1% 101MB -1W | tau: 0.27, Top-1
 [Epoch 18/20] Step [00800/7177] | Loss: 19.8332 | minADE6: 0.772m | minADE1: 1.398m | 7.9 steps/s | GPU -1% 100MB -1W | tau: 0.27, Top-1
 [Epoch 18/20] Step [01000/7177] | Loss: 19.8450 | minADE6: 0.784m | minADE1: 1.408m | 6.7 steps/s | GPU -1% 100MB -1W | tau: 0.27, Top-1
 [Epoch 18/20] Step [01200/7177] | Loss: 20.2631 | minADE6: 0.766m | minADE1: 1.370m | 5.8 steps/s | GPU -1% 101MB -1W | tau: 0.27, Top-1
 [Epoch 18/20] Step [01400/7177] | Loss: 20.8341 | minADE6: 0.761m | minADE1: 1.375m | 8.2 steps/s | GPU -1% 104MB -1W | tau: 0.27, Top-1
 [Epoch 18/20] Step [01600/7177] | Loss: 21.4076 | minADE6: 0.771m | minADE1: 1.400m | 6.8 steps/s | GPU -1% 102MB -1W | tau: 0.27, Top-1
 [Epoch 18/20] Step [01800/7177] | Loss: 19.6219 | minADE6: 0.780m | minADE1: 1.402m | 5.2 steps/s | GPU -1% 101MB -1W | tau: 0.27, Top-1
 [Epoch 18/20] Step [02000/7177] | Loss: 18.9990 | minADE6: 0.768m | minADE1: 1.374m | 6.7 steps/s | GPU -1% 101MB -1W | tau: 0.27, Top-1
 [Epoch 18/20] Step [02200/7177] | Loss: 19.6673 | minADE6: 0.787m | minADE1: 1.398m | 8.3 steps/s | GPU -1% 101MB -1W | tau: 0.27, Top-1
 [Epoch 18/20] Step [02400/7177] | Loss: 19.1241 | minADE6: 0.777m | minADE1: 1.390m | 6.7 steps/s | GPU -1% 103MB -1W | tau: 0.27, Top-1
 [Epoch 18/20] Step [02600/7177] | Loss: 20.5274 | minADE6: 0.788m | minADE1: 1.408m | 5.8 steps/s | GPU -1% 103MB -1W | tau: 0.27, Top-1
 [Epoch 18/20] Step [02800/7177] | Loss: 20.4392 | minADE6: 0.769m | minADE1: 1.388m | 6.7 steps/s | GPU -1% 101MB -1W | tau: 0.27, Top-1
 [Epoch 18/20] Step [03000/7177] | Loss: 20.3450 | minADE6: 0.782m | minADE1: 1.400m | 8.2 steps/s | GPU -1% 101MB -1W | tau: 0.27, Top-1
 [Epoch 18/20] Step [03200/7177] | Loss: 20.1576 | minADE6: 0.781m | minADE1: 1.402m | 6.8 steps/s | GPU -1% 101MB -1W | tau: 0.27, Top-1
 [Epoch 18/20] Step [03400/7177] | Loss: 20.8549 | minADE6: 0.778m | minADE1: 1.395m | 7.7 steps/s | GPU -1% 101MB -1W | tau: 0.27, Top-1
 [Epoch 18/20] Step [03600/7177] | Loss: 19.9765 | minADE6: 0.772m | minADE1: 1.387m | 5.7 steps/s | GPU -1% 101MB -1W | tau: 0.27, Top-1
 [Epoch 18/20] Step [03800/7177] | Loss: 19.6638 | minADE6: 0.772m | minADE1: 1.387m | 5.1 steps/s | GPU -1% 102MB -1W | tau: 0.27, Top-1
 [Epoch 18/20] Step [04000/7177] | Loss: 20.3594 | minADE6: 0.778m | minADE1: 1.400m | 6.8 steps/s | GPU -1% 102MB -1W | tau: 0.27, Top-1
 [Epoch 18/20] Step [04200/7177] | Loss: 21.4369 | minADE6: 0.778m | minADE1: 1.387m | 7.9 steps/s | GPU -1% 102MB -1W | tau: 0.27, Top-1
 [Epoch 18/20] Step [04400/7177] | Loss: 20.6067 | minADE6: 0.768m | minADE1: 1.384m | 5.7 steps/s | GPU -1% 100MB -1W | tau: 0.27, Top-1
 [Epoch 18/20] Step [04600/7177] | Loss: 19.7503 | minADE6: 0.775m | minADE1: 1.394m | 8.0 steps/s | GPU -1% 101MB -1W | tau: 0.27, Top-1
 [Epoch 18/20] Step [04800/7177] | Loss: 19.7387 | minADE6: 0.780m | minADE1: 1.413m | 6.6 steps/s | GPU -1% 100MB -1W | tau: 0.27, Top-1
 [Epoch 18/20] Step [05000/7177] | Loss: 19.1580 | minADE6: 0.764m | minADE1: 1.377m | 5.8 steps/s | GPU -1% 102MB -1W | tau: 0.27, Top-1
 [Epoch 18/20] Step [05200/7177] | Loss: 19.9403 | minADE6: 0.784m | minADE1: 1.404m | 6.7 steps/s | GPU -1% 104MB -1W | tau: 0.27, Top-1
 [Epoch 18/20] Step [05400/7177] | Loss: 19.0511 | minADE6: 0.767m | minADE1: 1.380m | 5.2 steps/s | GPU -1% 102MB -1W | tau: 0.27, Top-1
 [Epoch 18/20] Step [05600/7177] | Loss: 20.0645 | minADE6: 0.774m | minADE1: 1.377m | 8.3 steps/s | GPU -1% 101MB -1W | tau: 0.27, Top-1
 [Epoch 18/20] Step [05800/7177] | Loss: 21.2600 | minADE6: 0.776m | minADE1: 1.389m | 6.3 steps/s | GPU -1% 103MB -1W | tau: 0.27, Top-1
 [Epoch 18/20] Step [06000/7177] | Loss: 19.6098 | minADE6: 0.755m | minADE1: 1.365m | 9.0 steps/s | GPU -1% 101MB -1W | tau: 0.27, Top-1
 [Epoch 18/20] Step [06200/7177] | Loss: 20.2899 | minADE6: 0.785m | minADE1: 1.417m | 9.1 steps/s | GPU -1% 101MB -1W | tau: 0.27, Top-1
 [Epoch 18/20] Step [06400/7177] | Loss: 19.5787 | minADE6: 0.763m | minADE1: 1.371m | 8.8 steps/s | GPU -1% 100MB -1W | tau: 0.27, Top-1
 [Epoch 18/20] Step [06600/7177] | Loss: 19.8102 | minADE6: 0.777m | minADE1: 1.396m | 6.3 steps/s | GPU -1% 101MB -1W | tau: 0.27, Top-1
 [Epoch 18/20] Step [06800/7177] | Loss: 20.0269 | minADE6: 0.773m | minADE1: 1.391m | 8.5 steps/s | GPU -1% 101MB -1W | tau: 0.27, Top-1
 [Epoch 18/20] Step [07000/7177] | Loss: 19.3093 | minADE6: 0.778m | minADE1: 1.403m | 6.8 steps/s | GPU -1% 103MB -1W | tau: 0.27, Top-1
Epoch 18/20 (1059.2s, 7177 steps) | Train Loss: 20.0270, minADE6: 0.774m, minADE1: 1.390m | Val Loss: 20.6315, val_minADE6: 0.8056m, val_minADE1: 1.4676m, val_minFDE6: 13.1808m, Error Score: 1.1366
[NEW BEST Error Score]: 1.1366 saved!
 [Epoch 19/20] Step [00050/7177] | Loss: 18.6461 | minADE6: 0.758m | minADE1: 1.350m | 6.5 steps/s | GPU -1% 101MB -1W | tau: 0.26, Top-1
 [Epoch 19/20] Step [00100/7177] | Loss: 18.3964 | minADE6: 0.803m | minADE1: 1.421m | 7.3 steps/s | GPU -1% 101MB -1W | tau: 0.26, Top-1
 [Epoch 19/20] Step [00150/7177] | Loss: 21.8610 | minADE6: 0.821m | minADE1: 1.471m | 7.3 steps/s | GPU -1% 100MB -1W | tau: 0.26, Top-1
 [Epoch 19/20] Step [00200/7177] | Loss: 20.9789 | minADE6: 0.777m | minADE1: 1.411m | 4.6 steps/s | GPU -1% 101MB -1W | tau: 0.26, Top-1
 [Epoch 19/20] Step [00400/7177] | Loss: 20.4343 | minADE6: 0.775m | minADE1: 1.407m | 7.7 steps/s | GPU -1% 102MB -1W | tau: 0.26, Top-1
 [Epoch 19/20] Step [00600/7177] | Loss: 19.7624 | minADE6: 0.773m | minADE1: 1.382m | 6.7 steps/s | GPU -1% 101MB -1W | tau: 0.26, Top-1
 [Epoch 19/20] Step [00800/7177] | Loss: 20.4450 | minADE6: 0.763m | minADE1: 1.377m | 8.0 steps/s | GPU -1% 102MB -1W | tau: 0.26, Top-1
 [Epoch 19/20] Step [01000/7177] | Loss: 19.1660 | minADE6: 0.768m | minADE1: 1.373m | 6.8 steps/s | GPU -1% 101MB -1W | tau: 0.26, Top-1
 [Epoch 19/20] Step [01200/7177] | Loss: 21.0665 | minADE6: 0.777m | minADE1: 1.395m | 6.7 steps/s | GPU -1% 102MB -1W | tau: 0.26, Top-1
 [Epoch 19/20] Step [01400/7177] | Loss: 19.6342 | minADE6: 0.772m | minADE1: 1.404m | 5.7 steps/s | GPU -1% 101MB -1W | tau: 0.26, Top-1
 [Epoch 19/20] Step [01600/7177] | Loss: 19.2929 | minADE6: 0.772m | minADE1: 1.390m | 6.4 steps/s | GPU -1% 101MB -1W | tau: 0.26, Top-1
 [Epoch 19/20] Step [01800/7177] | Loss: 20.8931 | minADE6: 0.777m | minADE1: 1.403m | 6.5 steps/s | GPU -1% 101MB -1W | tau: 0.26, Top-1
 [Epoch 19/20] Step [02000/7177] | Loss: 19.6488 | minADE6: 0.764m | minADE1: 1.372m | 7.7 steps/s | GPU -1% 102MB -1W | tau: 0.26, Top-1
 [Epoch 19/20] Step [02200/7177] | Loss: 19.4711 | minADE6: 0.764m | minADE1: 1.380m | 6.0 steps/s | GPU -1% 103MB -1W | tau: 0.26, Top-1
 [Epoch 19/20] Step [02400/7177] | Loss: 20.4951 | minADE6: 0.762m | minADE1: 1.380m | 6.8 steps/s | GPU -1% 101MB -1W | tau: 0.26, Top-1
 [Epoch 19/20] Step [02600/7177] | Loss: 20.0750 | minADE6: 0.769m | minADE1: 1.387m | 8.2 steps/s | GPU -1% 101MB -1W | tau: 0.26, Top-1
 [Epoch 19/20] Step [02800/7177] | Loss: 20.8078 | minADE6: 0.794m | minADE1: 1.435m | 6.8 steps/s | GPU -1% 101MB -1W | tau: 0.26, Top-1
 [Epoch 19/20] Step [03000/7177] | Loss: 18.6884 | minADE6: 0.768m | minADE1: 1.384m | 8.9 steps/s | GPU -1% 101MB -1W | tau: 0.26, Top-1
 [Epoch 19/20] Step [03200/7177] | Loss: 20.0520 | minADE6: 0.779m | minADE1: 1.397m | 7.3 steps/s | GPU -1% 102MB -1W | tau: 0.26, Top-1
 [Epoch 19/20] Step [03400/7177] | Loss: 19.0907 | minADE6: 0.770m | minADE1: 1.389m | 6.9 steps/s | GPU -1% 101MB -1W | tau: 0.26, Top-1
 [Epoch 19/20] Step [03600/7177] | Loss: 20.5419 | minADE6: 0.765m | minADE1: 1.377m | 5.9 steps/s | GPU -1% 101MB -1W | tau: 0.26, Top-1
 [Epoch 19/20] Step [03800/7177] | Loss: 20.9275 | minADE6: 0.778m | minADE1: 1.402m | 6.9 steps/s | GPU -1% 101MB -1W | tau: 0.26, Top-1
 [Epoch 19/20] Step [04000/7177] | Loss: 19.1943 | minADE6: 0.773m | minADE1: 1.404m | 8.2 steps/s | GPU -1% 101MB -1W | tau: 0.26, Top-1
 [Epoch 19/20] Step [04200/7177] | Loss: 19.4160 | minADE6: 0.771m | minADE1: 1.382m | 8.2 steps/s | GPU -1% 100MB -1W | tau: 0.26, Top-1
 [Epoch 19/20] Step [04400/7177] | Loss: 20.5260 | minADE6: 0.767m | minADE1: 1.373m | 7.0 steps/s | GPU -1% 101MB -1W | tau: 0.26, Top-1
 [Epoch 19/20] Step [04600/7177] | Loss: 19.7176 | minADE6: 0.780m | minADE1: 1.405m | 8.3 steps/s | GPU -1% 103MB -1W | tau: 0.26, Top-1
 [Epoch 19/20] Step [04800/7177] | Loss: 20.4746 | minADE6: 0.779m | minADE1: 1.403m | 6.1 steps/s | GPU -1% 101MB -1W | tau: 0.26, Top-1
 [Epoch 19/20] Step [05000/7177] | Loss: 20.4627 | minADE6: 0.765m | minADE1: 1.379m | 8.6 steps/s | GPU -1% 101MB -1W | tau: 0.26, Top-1
 [Epoch 19/20] Step [05200/7177] | Loss: 20.0308 | minADE6: 0.766m | minADE1: 1.371m | 7.0 steps/s | GPU -1% 100MB -1W | tau: 0.26, Top-1
 [Epoch 19/20] Step [05400/7177] | Loss: 19.7460 | minADE6: 0.774m | minADE1: 1.397m | 6.0 steps/s | GPU -1% 102MB -1W | tau: 0.26, Top-1
 [Epoch 19/20] Step [05600/7177] | Loss: 21.4694 | minADE6: 0.765m | minADE1: 1.376m | 6.9 steps/s | GPU -1% 102MB -1W | tau: 0.26, Top-1
 [Epoch 19/20] Step [05800/7177] | Loss: 19.9140 | minADE6: 0.775m | minADE1: 1.399m | 9.2 steps/s | GPU -1% 101MB -1W | tau: 0.26, Top-1
 [Epoch 19/20] Step [06000/7177] | Loss: 20.2307 | minADE6: 0.758m | minADE1: 1.362m | 5.6 steps/s | GPU -1% 102MB -1W | tau: 0.26, Top-1
 [Epoch 19/20] Step [06200/7177] | Loss: 19.8936 | minADE6: 0.774m | minADE1: 1.402m | 7.6 steps/s | GPU -1% 100MB -1W | tau: 0.26, Top-1
 [Epoch 19/20] Step [06400/7177] | Loss: 19.2736 | minADE6: 0.770m | minADE1: 1.392m | 9.1 steps/s | GPU -1% 101MB -1W | tau: 0.26, Top-1
 [Epoch 19/20] Step [06600/7177] | Loss: 19.2660 | minADE6: 0.771m | minADE1: 1.395m | 9.3 steps/s | GPU -1% 101MB -1W | tau: 0.26, Top-1
 [Epoch 19/20] Step [06800/7177] | Loss: 20.7847 | minADE6: 0.773m | minADE1: 1.400m | 7.6 steps/s | GPU -1% 101MB -1W | tau: 0.26, Top-1
 [Epoch 19/20] Step [07000/7177] | Loss: 20.0541 | minADE6: 0.769m | minADE1: 1.384m | 5.6 steps/s | GPU -1% 101MB -1W | tau: 0.26, Top-1
Epoch 19/20 (1011.0s, 7177 steps) | Train Loss: 20.0192, minADE6: 0.772m, minADE1: 1.391m | Val Loss: 20.6243, val_minADE6: 0.8045m, val_minADE1: 1.4645m, val_minFDE6: 13.1907m, Error Score: 1.1345
[NEW BEST Error Score]: 1.1345 saved!
 [Epoch 20/20] Step [00050/7177] | Loss: 17.8097 | minADE6: 0.769m | minADE1: 1.375m | 8.0 steps/s | GPU -1% 102MB -1W | tau: 0.25, Top-1
 [Epoch 20/20] Step [00100/7177] | Loss: 22.0953 | minADE6: 0.754m | minADE1: 1.353m | 9.8 steps/s | GPU -1% 101MB -1W | tau: 0.25, Top-1
 [Epoch 20/20] Step [00150/7177] | Loss: 20.6454 | minADE6: 0.758m | minADE1: 1.339m | 5.1 steps/s | GPU -1% 100MB -1W | tau: 0.25, Top-1
 [Epoch 20/20] Step [00200/7177] | Loss: 18.5877 | minADE6: 0.778m | minADE1: 1.397m | 9.8 steps/s | GPU -1% 102MB -1W | tau: 0.25, Top-1
 [Epoch 20/20] Step [00400/7177] | Loss: 20.2861 | minADE6: 0.774m | minADE1: 1.388m | 7.3 steps/s | GPU -1% 101MB -1W | tau: 0.25, Top-1
 [Epoch 20/20] Step [00600/7177] | Loss: 20.1908 | minADE6: 0.775m | minADE1: 1.393m | 5.7 steps/s | GPU -1% 102MB -1W | tau: 0.25, Top-1
 [Epoch 20/20] Step [00800/7177] | Loss: 20.9313 | minADE6: 0.769m | minADE1: 1.387m | 7.7 steps/s | GPU -1% 101MB -1W | tau: 0.25, Top-1
 [Epoch 20/20] Step [01000/7177] | Loss: 20.0836 | minADE6: 0.766m | minADE1: 1.375m | 8.2 steps/s | GPU -1% 100MB -1W | tau: 0.25, Top-1
 [Epoch 20/20] Step [01200/7177] | Loss: 19.8738 | minADE6: 0.761m | minADE1: 1.374m | 6.8 steps/s | GPU -1% 101MB -1W | tau: 0.25, Top-1
 [Epoch 20/20] Step [01400/7177] | Loss: 19.0545 | minADE6: 0.767m | minADE1: 1.381m | 7.5 steps/s | GPU -1% 102MB -1W | tau: 0.25, Top-1
 [Epoch 20/20] Step [01600/7177] | Loss: 21.0133 | minADE6: 0.771m | minADE1: 1.385m | 6.6 steps/s | GPU -1% 102MB -1W | tau: 0.25, Top-1
 [Epoch 20/20] Step [01800/7177] | Loss: 19.7492 | minADE6: 0.771m | minADE1: 1.402m | 6.6 steps/s | GPU -1% 101MB -1W | tau: 0.25, Top-1
 [Epoch 20/20] Step [02000/7177] | Loss: 19.0769 | minADE6: 0.774m | minADE1: 1.393m | 7.9 steps/s | GPU -1% 102MB -1W | tau: 0.25, Top-1
 [Epoch 20/20] Step [02200/7177] | Loss: 19.2848 | minADE6: 0.772m | minADE1: 1.387m | 7.0 steps/s | GPU -1% 102MB -1W | tau: 0.25, Top-1
 [Epoch 20/20] Step [02400/7177] | Loss: 20.9051 | minADE6: 0.777m | minADE1: 1.393m | 6.1 steps/s | GPU -1% 102MB -1W | tau: 0.25, Top-1
 [Epoch 20/20] Step [02600/7177] | Loss: 19.7143 | minADE6: 0.778m | minADE1: 1.402m | 6.8 steps/s | GPU -1% 100MB -1W | tau: 0.25, Top-1
 [Epoch 20/20] Step [02800/7177] | Loss: 19.7678 | minADE6: 0.777m | minADE1: 1.409m | 8.3 steps/s | GPU -1% 101MB -1W | tau: 0.25, Top-1
 [Epoch 20/20] Step [03000/7177] | Loss: 20.0867 | minADE6: 0.771m | minADE1: 1.392m | 8.3 steps/s | GPU -1% 101MB -1W | tau: 0.25, Top-1
 [Epoch 20/20] Step [03200/7177] | Loss: 20.8387 | minADE6: 0.774m | minADE1: 1.400m | 5.9 steps/s | GPU -1% 101MB -1W | tau: 0.25, Top-1
 [Epoch 20/20] Step [03400/7177] | Loss: 21.1185 | minADE6: 0.767m | minADE1: 1.381m | 8.1 steps/s | GPU -1% 100MB -1W | tau: 0.25, Top-1
 [Epoch 20/20] Step [03600/7177] | Loss: 20.1720 | minADE6: 0.761m | minADE1: 1.371m | 8.1 steps/s | GPU -1% 101MB -1W | tau: 0.25, Top-1
 [Epoch 20/20] Step [03800/7177] | Loss: 20.0667 | minADE6: 0.774m | minADE1: 1.382m | 6.9 steps/s | GPU -1% 104MB -1W | tau: 0.25, Top-1
 [Epoch 20/20] Step [04000/7177] | Loss: 20.3572 | minADE6: 0.765m | minADE1: 1.382m | 8.3 steps/s | GPU -1% 101MB -1W | tau: 0.25, Top-1
 [Epoch 20/20] Step [04200/7177] | Loss: 19.5821 | minADE6: 0.772m | minADE1: 1.383m | 7.1 steps/s | GPU -1% 102MB -1W | tau: 0.25, Top-1
 [Epoch 20/20] Step [04400/7177] | Loss: 20.8130 | minADE6: 0.773m | minADE1: 1.394m | 7.8 steps/s | GPU -1% 100MB -1W | tau: 0.25, Top-1
 [Epoch 20/20] Step [04600/7177] | Loss: 19.5090 | minADE6: 0.767m | minADE1: 1.385m | 9.5 steps/s | GPU -1% 101MB -1W | tau: 0.25, Top-1
 [Epoch 20/20] Step [04800/7177] | Loss: 20.5045 | minADE6: 0.782m | minADE1: 1.407m | 9.2 steps/s | GPU -1% 101MB -1W | tau: 0.25, Top-1
 [Epoch 20/20] Step [05000/7177] | Loss: 20.3320 | minADE6: 0.774m | minADE1: 1.403m | 7.8 steps/s | GPU -1% 101MB -1W | tau: 0.25, Top-1
 [Epoch 20/20] Step [05200/7177] | Loss: 19.4341 | minADE6: 0.773m | minADE1: 1.403m | 9.5 steps/s | GPU -1% 101MB -1W | tau: 0.25, Top-1
 [Epoch 20/20] Step [05400/7177] | Loss: 20.3698 | minADE6: 0.761m | minADE1: 1.366m | 9.4 steps/s | GPU -1% 101MB -1W | tau: 0.25, Top-1
 [Epoch 20/20] Step [05600/7177] | Loss: 19.3048 | minADE6: 0.777m | minADE1: 1.391m | 9.2 steps/s | GPU -1% 101MB -1W | tau: 0.25, Top-1
 [Epoch 20/20] Step [05800/7177] | Loss: 19.8150 | minADE6: 0.773m | minADE1: 1.404m | 9.5 steps/s | GPU -1% 101MB -1W | tau: 0.25, Top-1
 [Epoch 20/20] Step [06000/7177] | Loss: 19.6913 | minADE6: 0.774m | minADE1: 1.410m | 9.3 steps/s | GPU -1% 101MB -1W | tau: 0.25, Top-1
 [Epoch 20/20] Step [06200/7177] | Loss: 18.9729 | minADE6: 0.756m | minADE1: 1.369m | 7.6 steps/s | GPU -1% 100MB -1W | tau: 0.25, Top-1
 [Epoch 20/20] Step [06400/7177] | Loss: 20.1903 | minADE6: 0.768m | minADE1: 1.383m | 9.2 steps/s | GPU -1% 101MB -1W | tau: 0.25, Top-1
 [Epoch 20/20] Step [06600/7177] | Loss: 20.1154 | minADE6: 0.777m | minADE1: 1.394m | 9.4 steps/s | GPU -1% 100MB -1W | tau: 0.25, Top-1
 [Epoch 20/20] Step [06800/7177] | Loss: 19.5767 | minADE6: 0.771m | minADE1: 1.399m | 9.5 steps/s | GPU -1% 103MB -1W | tau: 0.25, Top-1
 [Epoch 20/20] Step [07000/7177] | Loss: 19.7836 | minADE6: 0.778m | minADE1: 1.400m | 9.5 steps/s | GPU -1% 102MB -1W | tau: 0.25, Top-1
Epoch 20/20 (915.6s, 7177 steps) | Train Loss: 20.0143, minADE6: 0.771m, minADE1: 1.389m | Val Loss: 20.6272, val_minADE6: 0.8083m, val_minADE1: 1.4660m, val_minFDE6: 13.1934m, Error Score: 1.1372

V6 Training Completed! Best Error Score: 1.1345, Best minADE6: 0.8032m
