{"step": 500, "loss": 7.8353, "minade1": 25.3736, "minade6": 2.5714, "goal_error": 10.2766}
{"step": 1000, "loss": 7.6424, "minade1": 24.3699, "minade6": 2.4737, "goal_error": 10.1004}
{"step": 1500, "loss": 7.5469, "minade1": 26.3503, "minade6": 2.3545, "goal_error": 10.1254}
{"step": 2000, "loss": 7.5124, "minade1": 28.0765, "minade6": 2.2322, "goal_error": 10.2868}
{"step": 2500, "loss": 7.3102, "minade1": 30.4947, "minade6": 2.1416, "goal_error": 10.056}
{"step": 3000, "loss": 7.2278, "minade1": 31.2499, "minade6": 2.0813, "goal_error": 10.0098}
{"step": 3500, "loss": 7.1437, "minade1": 30.8557, "minade6": 2.0465, "goal_error": 9.908}
{"step": 4000, "loss": 7.0546, "minade1": 30.1066, "minade6": 2.0058, "goal_error": 9.8105}
{"step": 4500, "loss": 6.9625, "minade1": 29.4032, "minade6": 1.9603, "goal_error": 9.7161}
{"step": 5000, "loss": 6.9444, "minade1": 28.9124, "minade6": 1.9239, "goal_error": 9.7522}
{"step": 5500, "loss": 6.8588, "minade1": 28.3431, "minade6": 1.8883, "goal_error": 9.6509}
{"step": 6000, "loss": 6.8129, "minade1": 27.575, "minade6": 1.8566, "goal_error": 9.6211}
{"step": 6500, "loss": 6.7228, "minade1": 26.9841, "minade6": 1.8225, "goal_error": 9.5096}
{"step": 7000, "loss": 6.6651, "minade1": 26.3308, "minade6": 1.7963, "goal_error": 9.4447}
{"step": 7500, "loss": 6.6366, "minade1": 25.8847, "minade6": 1.7718, "goal_error": 9.4359}
{"step": 8000, "loss": 6.6293, "minade1": 25.3603, "minade6": 1.7527, "goal_error": 9.4576}
{"step": 8500, "loss": 6.5816, "minade1": 24.8217, "minade6": 1.7305, "goal_error": 9.4048}
{"step": 9000, "loss": 6.5442, "minade1": 24.2938, "minade6": 1.7106, "goal_error": 9.3682}
{"step": 9500, "loss": 6.499, "minade1": 23.7414, "minade6": 1.6896, "goal_error": 9.3182}
{"step": 10000, "loss": 6.4802, "minade1": 23.2972, "minade6": 1.6739, "goal_error": 9.3099}
{"step": 10500, "loss": 6.446, "minade1": 22.9341, "minade6": 1.6575, "goal_error": 9.2732}
{"step": 11000, "loss": 6.41, "minade1": 22.4558, "minade6": 1.6399, "goal_error": 9.2342}
{"step": 11500, "loss": 6.3781, "minade1": 22.069, "minade6": 1.6272, "goal_error": 9.1943}
{"step": 12000, "loss": 6.3619, "minade1": 21.686, "minade6": 1.6135, "goal_error": 9.1878}
{"step": 12500, "loss": 6.3466, "minade1": 21.3668, "minade6": 1.6026, "goal_error": 9.1771}
{"step": 13000, "loss": 6.3324, "minade1": 21.0455, "minade6": 1.5898, "goal_error": 9.1719}
{"step": 13500, "loss": 6.3082, "minade1": 20.6749, "minade6": 1.5792, "goal_error": 9.1422}
{"step": 14000, "loss": 6.2968, "minade1": 20.371, "minade6": 1.5689, "goal_error": 9.1384}
{"step": 14500, "loss": 6.2894, "minade1": 20.1854, "minade6": 1.559, "goal_error": 9.1427}
{"step": 15000, "loss": 6.2749, "minade1": 19.9227, "minade6": 1.5494, "goal_error": 9.1319}
{"step": 15500, "loss": 6.25, "minade1": 19.6655, "minade6": 1.5384, "goal_error": 9.1034}
{"step": 16000, "loss": 6.2219, "minade1": 19.4398, "minade6": 1.5309, "goal_error": 9.0614}
{"step": 16500, "loss": 6.2166, "minade1": 19.2284, "minade6": 1.5249, "goal_error": 9.0615}
{"step": 17000, "loss": 6.1998, "minade1": 19.0423, "minade6": 1.5178, "goal_error": 9.0415}
{"step": 17500, "loss": 6.1752, "minade1": 18.844, "minade6": 1.5102, "goal_error": 9.0063}
{"epoch": 2, "train_loss": 6.168561549168729, "train_minade1": 18.79603539200758, "train_minade6": 1.508906280924611, "train_goal_error": 8.995007530853428, "train_steps": 17622, "train_seconds": 1817.495118379593, "val_loss": 6.329963739654433, "val_minade1": 11.16307110579783, "val_minade6": 1.3018722573754669, "val_goal_error": 9.653994427811515, "val_steps": 1869, "val_seconds": 186.93989515304565}
{"step": 500, "loss": 5.6329, "minade1": 11.709, "minade6": 1.1709, "goal_error": 8.5732}
{"step": 1000, "loss": 5.8488, "minade1": 11.4131, "minade6": 1.2151, "goal_error": 8.9079}
{{"step": 1500, "loss": 5.7264, "minade1": 11.7889, "minade6": 1.2174, "goal_error": 8.662}{"step": 2000, "loss": 5.7793, "minade1": 11.5234, "minade6": 1.2138, "goal_error": 8.7741}
{{"step": 2500, "loss": 5.8033, "minade1": 11.433, "minade6": 1.2221, "goal_error": 8.8047}{{"step": 3000, "loss": 5.7853, "minade1": 11.5132, "minade6": 1.2212, "goal_error": 8.7697}{{"step": 3500, "loss": 5.7292, "minade1": 11.6852, "minade6": 1.2197, "goal_error": 8.6596}{"step": 4000, "loss": 5.7062, "minade1": 11.7526, "minade6": 1.2196, "goal_error": 8.6123}
{{"step": 4500, "loss": 5.691, "minade1": 11.8116, "minade6": 1.2199, "goal_error": 8.5816}{{"step": 5000, "loss": 5.6787, "minade1": 11.952, "minade6": 1.2167, "goal_error": 8.564}{"step": 5500, "loss": 5.6209, "minade1": 12.0019, "minade6": 1.2135, "goal_error": 8.4561}
{"step": 6000, "loss": 5.5841, "minade1": 12.0096, "minade6": 1.2126, "goal_error": 8.3839}
{"step": 6500, "loss": 5.5993, "minade1": 11.9404, "minade6": 1.2074, "goal_error": 8.4252}
{"step": 7000, "loss": 5.6009, "minade1": 11.974, "minade6": 1.2121, "goal_error": 8.42}
{"step": 7500, "loss": 5.5837, "minade1": 11.946, "minade6": 1.2106, "goal_error": 8.3872}
{"step": 8000, "loss": 5.5733, "minade1": 11.9806, "minade6": 1.2088, "goal_error": 8.3697}
{{"step": 8500, "loss": 5.5681, "minade1": 11.9559, "minade6": 1.2032, "goal_error": 8.3714}{"step": 9000, "loss": 5.5643, "minade1": 11.9538, "minade6": 1.1989, "goal_error": 8.3731}
{"step": 9500, "loss": 5.56, "minade1": 11.9544, "minade6": 1.1961, "goal_error": 8.3699}
{"step": 10000, "loss": 5.5667, "minade1": 11.9465, "minade6": 1.1953, "goal_error": 8.3847}
{{"step": 10500, "loss": 5.5702, "minade1": 11.9383, "minade6": 1.1922, "goal_error": 8.3975}{"step": 11000, "loss": 5.5707, "minade1": 11.9173, "minade6": 1.1904, "goal_error": 8.4012}
{"step": 11500, "loss": 5.5865, "minade1": 11.8859, "minade6": 1.1899, "goal_error": 8.4334}
{"step": 12000, "loss": 5.5683, "minade1": 11.8752, "minade6": 1.1891, "goal_error": 8.3986}
{{"step": 12500, "loss": 5.5553, "minade1": 11.8696, "minade6": 1.1892, "goal_error": 8.3716}{{"step": 13000, "loss": 5.5596, "minade1": 11.845, "minade6": 1.1863, "goal_error": 8.3851}{{"step": 13500, "loss": 5.5481, "minade1": 11.8348, "minade6": 1.1832, "goal_error": 8.3685}{"step": 14000, "loss": 5.5425, "minade1": 11.8488, "minade6": 1.1841, "goal_error": 8.3553}
{{"step": 14500, "loss": 5.5476, "minade1": 11.7851, "minade6": 1.1834, "goal_error": 8.3663}{{"step": 15000, "loss": 5.5404, "minade1": 11.7562, "minade6": 1.1805, "goal_error": 8.357}{"step": 15500, "loss": 5.53, "minade1": 11.7757, "minade6": 1.1772, "goal_error": 8.3431}
{"step": 16000, "loss": 5.5259, "minade1": 11.7631, "minade6": 1.1769, "goal_error": 8.3352}
{"step": 16500, "loss": 5.5171, "minade1": 11.7402, "minade6": 1.1761, "goal_error": 8.3184}
{{"step": 17000, "loss": 5.524, "minade1": 11.689, "minade6": 1.1746, "goal_error": 8.3346}{{"step": 17500, "loss": 5.5082, "minade1": 11.6883, "minade6": 1.1723, "goal_error": 8.308}{{"epoch": 3, "train_loss": 5.51316427391844, "train_minade1": 11.696519913514834, "train_minade6": 1.1731739601177642, "train_goal_error": 8.315849171347654, "train_steps": 17622, "train_seconds": 1850.75839138031, "val_loss": 6.182066767463045, "val_minade1": 13.00240082330025, "val_minade6": 1.2185920050149457, "val_goal_error": 9.577811590749162, "val_steps": 1869, "val_seconds": 190.1137888431549}
{"step": 500, "loss": 5.152, "minade1": 11.5099, "minade6": 1.1289, "goal_error": 7.673}
{"{"step": 1000, "loss": 5.4143, "minade1": 11.2936, "minade6": 1.1261, "goal_error": 8.2022{"step": 1500, "loss": 5.4347, "minade1": 10.9, "minade6": 1.1374, "goal_error": 8.2175}
{"step": 2000, "loss": 5.4332, "minade1": 10.8796, "minade6": 1.127, "goal_error": 8.2384}
{"{"step": 2500, "loss": 5.4187, "minade1": 10.8739, "minade6": 1.1144, "goal_error": 8.2363{"{"step": 3000, "loss": 5.4747, "minade1": 10.9073, "minade6": 1.1107, "goal_error": 8.3534{"{"step": 3500, "loss": 5.449, "minade1": 10.9236, "minade6": 1.1097, "goal_error": 8.3041{"{"step": 4000, "loss": 5.4041, "minade1": 10.8748, "minade6": 1.1018, "goal_error": 8.2304{"step": 4500, "loss": 5.3816, "minade1": 10.8873, "minade6": 1.1015, "goal_error": 8.1859}
{"{"step": 5000, "loss": 5.3418, "minade1": 11.0413, "minade6": 1.1002, "goal_error": 8.1101{"step": 5500, "loss": 5.3326, "minade1": 11.0187, "minade6": 1.0964, "goal_error": 8.0991}
{"{"step": 6000, "loss": 5.3469, "minade1": 11.0857, "minade6": 1.1041, "goal_error": 8.113{"step": 6500, "loss": 5.3653, "minade1": 11.1297, "minade6": 1.104, "goal_error": 8.15}
{"{"step": 7000, "loss": 5.3525, "minade1": 11.0945, "minade6": 1.0987, "goal_error": 8.1355{"step": 7500, "loss": 5.3601, "minade1": 11.0584, "minade6": 1.0992, "goal_error": 8.1494}
{"step": 8000, "loss": 5.3712, "minade1": 11.1048, "minade6": 1.0999, "goal_error": 8.169}
{"{"step": 8500, "loss": 5.3615, "minade1": 11.0729, "minade6": 1.0947, "goal_error": 8.1608{"step": 9000, "loss": 5.3601, "minade1": 11.0614, "minade6": 1.0926, "goal_error": 8.1625}
{"step": 9500, "loss": 5.3717, "minade1": 11.0147, "minade6": 1.0912, "goal_error": 8.1883}
{"{"step": 10000, "loss": 5.3647, "minade1": 11.0324, "minade6": 1.0896, "goal_error": 8.1782{"step": 10500, "loss": 5.3507, "minade1": 11.0727, "minade6": 1.088, "goal_error": 8.1538}
{"step": 11000, "loss": 5.3372, "minade1": 10.9837, "minade6": 1.0848, "goal_error": 8.1333}
{"step": 11500, "loss": 5.3258, "minade1": 10.9395, "minade6": 1.0824, "goal_error": 8.1152}
{"step": 12000, "loss": 5.3141, "minade1": 10.9244, "minade6": 1.0809, "goal_error": 8.0953}
{"{"step": 12500, "loss": 5.3091, "minade1": 10.9471, "minade6": 1.0803, "goal_error": 8.0868{"{"step": 13000, "loss": 5.3085, "minade1": 10.952, "minade6": 1.0788, "goal_error": 8.0893{"step": 13500, "loss": 5.3071, "minade1": 10.972, "minade6": 1.0778, "goal_error": 8.0885}
{"{"step": 14000, "loss": 5.3123, "minade1": 10.9803, "minade6": 1.076, "goal_error": 8.1031{"step": 14500, "loss": 5.3086, "minade1": 10.9672, "minade6": 1.0736, "goal_error": 8.1006}
{"{"step": 15000, "loss": 5.305, "minade1": 10.9819, "minade6": 1.0732, "goal_error": 8.0944{"step": 15500, "loss": 5.3015, "minade1": 10.9607, "minade6": 1.0711, "goal_error": 8.0919}
{"{"step": 16000, "loss": 5.3086, "minade1": 11.0292, "minade6": 1.0729, "goal_error": 8.1026{"{"step": 16500, "loss": 5.3078, "minade1": 11.0316, "minade6": 1.0707, "goal_error": 8.1054{"{"step": 17000, "loss": 5.3181, "minade1": 11.0275, "minade6": 1.0701, "goal_error": 8.1271{"step": 17500, "loss": 5.3138, "minade1": 11.0282, "minade6": 1.069, "goal_error": 8.1206}
{"{"epoch": 4, "train_loss": 5.313608305735721, "train_minade1": 11.029185832974155, "train_minade6": 1.069453682409264, "train_goal_error": 8.119263775029399, "train_steps": 17622, "train_seconds": 1901.703525543213, "val_loss": 5.993894533490899, "val_minade1": 10.846967434360103, "val_minade6": 1.2197070097866671, "val_goal_error": 9.191325466140084, "val_steps": 1869, "val_seconds": 176.642125606536{"step": 500, "loss": 5.4542, "minade1": 11.26, "minade6": 1.0708, "goal_error": 8.3911}
{"st{"step": 1000, "loss": 5.3914, "minade1": 10.8442, "minade6": 1.0621, "goal_error": 8.28{"st{"step": 1500, "loss": 5.2957, "minade1": 10.9024, "minade6": 1.052, "goal_error": 8.11{"st{"step": 2000, "loss": 5.3605, "minade1": 10.624, "minade6": 1.0506, "goal_error": 8.24{"step": 2500, "loss": 5.3576, "minade1": 10.5972, "minade6": 1.0497, "goal_error": 8.24}
{"step": 3000, "loss": 5.3538, "minade1": 10.5988, "minade6": 1.0432, "goal_error": 8.2478}
{"st{"step": 3500, "loss": 5.3236, "minade1": 10.4919, "minade6": 1.0396, "goal_error": 8.19{"st{"step": 4000, "loss": 5.347, "minade1": 10.4676, "minade6": 1.0386, "goal_error": 8.24{"st{"step": 4500, "loss": 5.2998, "minade1": 10.4465, "minade6": 1.032, "goal_error": 8.16{"step": 5000, "loss": 5.2955, "minade1": 10.4047, "minade6": 1.034, "goal_error": 8.1481}
{"step": 5500, "loss": 5.263, "minade1": 10.47, "minade6": 1.0307, "goal_error": 8.0895}
{"step": 6000, "loss": 5.2456, "minade1": 10.516, "minade6": 1.0322, "goal_error": 8.051}
{"step": 6500, "loss": 5.2436, "minade1": 10.5572, "minade6": 1.0297, "goal_error": 8.0526}
{"st{"step": 7000, "loss": 5.2267, "minade1": 10.6395, "minade6": 1.0263, "goal_error": 8.02{"step": 7500, "loss": 5.2244, "minade1": 10.6612, "minade6": 1.0273, "goal_error": 8.0208}
{"step": 8000, "loss": 5.2039, "minade1": 10.622, "minade6": 1.0274, "goal_error": 7.9798}
{"step": 8500, "loss": 5.2029, "minade1": 10.612, "minade6": 1.0251, "goal_error": 7.9822}
{"st{"step": 9000, "loss": 5.2047, "minade1": 10.6156, "minade6": 1.0237, "goal_error": 7.98{"st{"step": 9500, "loss": 5.1971, "minade1": 10.5568, "minade6": 1.0238, "goal_error": 7.97{"st{"step": 10000, "loss": 5.1807, "minade1": 10.5337, "minade6": 1.0218, "goal_error": 7.94{"st{"step": 10500, "loss": 5.1869, "minade1": 10.5415, "minade6": 1.0204, "goal_error": 7.95{"st{"step": 11000, "loss": 5.1716, "minade1": 10.517, "minade6": 1.0173, "goal_error": 7.93{"step": 11500, "loss": 5.1601, "minade1": 10.5699, "minade6": 1.0179, "goal_error": 7.9117}
{"step": 12000, "loss": 5.1601, "minade1": 10.5728, "minade6": 1.0173, "goal_error": 7.9135}
{"step": 12500, "loss": 5.1732, "minade1": 10.6074, "minade6": 1.0164, "goal_error": 7.9414}
{"step": 13000, "loss": 5.191, "minade1": 10.6212, "minade6": 1.0162, "goal_error": 7.9775}
{"step": 13500, "loss": 5.1737, "minade1": 10.6074, "minade6": 1.0125, "goal_error": 7.9509}
{"st{"step": 14000, "loss": 5.1756, "minade1": 10.6037, "minade6": 1.0105, "goal_error": 7.95{"st{"step": 14500, "loss": 5.183, "minade1": 10.5869, "minade6": 1.0094, "goal_error": 7.97{"st{"step": 15000, "loss": 5.1808, "minade1": 10.5934, "minade6": 1.0096, "goal_error": 7.97{"st{"step": 15500, "loss": 5.1812, "minade1": 10.5748, "minade6": 1.0078, "goal_error": 7.97{"st{"step": 16000, "loss": 5.1808, "minade1": 10.5646, "minade6": 1.0083, "goal_error": 7.97{"st{"step": 16500, "loss": 5.1828, "minade1": 10.5483, "minade6": 1.0076, "goal_error": 7.98{"st{"step": 17000, "loss": 5.1952, "minade1": 10.5386, "minade6": 1.0077, "goal_error": 8.00{"st{"step": 17500, "loss": 5.1872, "minade1": 10.5367, "minade6": 1.006, "goal_error": 7.99{"ep{"epoch": 5, "train_loss": 5.189470225307744, "train_minade1": 10.549536521731623, "train_minade6": 1.0064357002782096, "train_goal_error": 7.996002350304618, "train_steps": 17622, "train_seconds": 1830.369756937027, "val_loss": 5.629813256263414, "val_minade1": 14.521312620755886, "val_minade6": 1.0534792554097867, "val_goal_error": 8.807994732308341, "val_steps": 1869, "val_seconds": 175.8809428215026{"s{"step": 500, "loss": 5.171, "minade1": 10.8154, "minade6": 1.0035, "goal_error": 7.970{"s{"step": 1000, "loss": 4.9884, "minade1": 10.707, "minade6": 0.9726, "goal_error": 7.671{"step": 1500, "loss": 4.9385, "minade1": 10.9278, "minade6": 0.9678, "goal_error": 7.5807}
{"step": 2000, "loss": 5.0268, "minade1": 10.9593, "minade6": 0.9702, "goal_error": 7.7536}
{"s{"step": 2500, "loss": 5.0631, "minade1": 11.0728, "minade6": 0.9761, "goal_error": 7.81{"step": 3000, "loss": 5.0675, "minade1": 11.0491, "minade6": 0.9738, "goal_error": 7.8275}
{"step": 3500, "loss": 5.0789, "minade1": 11.0004, "minade6": 0.9789, "goal_error": 7.8376}
{"step": 4000, "loss": 5.1221, "minade1": 11.0326, "minade6": 0.9789, "goal_error": 7.9234}
{"s{"step": 4500, "loss": 5.0638, "minade1": 11.0808, "minade6": 0.9783, "goal_error": 7.807{"s{"step": 5000, "loss": 5.0823, "minade1": 10.93, "minade6": 0.9764, "goal_error": 7.847{"s{"step": 5500, "loss": 5.0572, "minade1": 10.922, "minade6": 0.9761, "goal_error": 7.797{"s{"step": 6000, "loss": 5.0749, "minade1": 10.9907, "minade6": 0.976, "goal_error": 7.833{"s{"step": 6500, "loss": 5.0832, "minade1": 10.958, "minade6": 0.9769, "goal_error": 7.84{"step": 7000, "loss": 5.0459, "minade1": 10.9865, "minade6": 0.9689, "goal_error": 7.7911}
{"s{"step": 7500, "loss": 5.0438, "minade1": 10.9116, "minade6": 0.9671, "goal_error": 7.790{"s{"step": 8000, "loss": 5.0421, "minade1": 10.8572, "minade6": 0.9634, "goal_error": 7.795{"s{"step": 8500, "loss": 5.0339, "minade1": 10.7937, "minade6": 0.9664, "goal_error": 7.771{"s{"step": 9000, "loss": 5.0294, "minade1": 10.7266, "minade6": 0.9663, "goal_error": 7.762{"step": 9500, "loss": 5.051, "minade1": 10.7105, "minade6": 0.9674, "goal_error": 7.8034}
{"s{"step": 10000, "loss": 5.0658, "minade1": 10.7098, "minade6": 0.9704, "goal_error": 7.826{"step": 10500, "loss": 5.0575, "minade1": 10.6654, "minade6": 0.9685, "goal_error": 7.8146}
{"s{"step": 11000, "loss": 5.0506, "minade1": 10.639, "minade6": 0.9671, "goal_error": 7.803{"step": 11500, "loss": 5.0529, "minade1": 10.6837, "minade6": 0.9682, "goal_error": 7.8061}
{"s{"step": 12000, "loss": 5.0696, "minade1": 10.6411, "minade6": 0.9699, "goal_error": 7.835{"step": 12500, "loss": 5.054, "minade1": 10.6222, "minade6": 0.9675, "goal_error": 7.8088}
{"step": 13000, "loss": 5.0561, "minade1": 10.6186, "minade6": 0.9669, "goal_error": 7.8144}
{"s{"step": 13500, "loss": 5.0484, "minade1": 10.5947, "minade6": 0.9661, "goal_error": 7.800{"s{"step": 14000, "loss": 5.0503, "minade1": 10.5781, "minade6": 0.9659, "goal_error": 7.804{"s{"step": 14500, "loss": 5.0508, "minade1": 10.5506, "minade6": 0.9644, "goal_error": 7.80{"step": 15000, "loss": 5.0499, "minade1": 10.5362, "minade6": 0.9633, "goal_error": 7.8084}
{"s{"step": 15500, "loss": 5.0525, "minade1": 10.4934, "minade6": 0.9632, "goal_error": 7.813{"s{"step": 16000, "loss": 5.0542, "minade1": 10.4854, "minade6": 0.9632, "goal_error": 7.815{"s{"step": 16500, "loss": 5.0521, "minade1": 10.4823, "minade6": 0.9626, "goal_error": 7.81{"s{"step": 17000, "loss": 5.0528, "minade1": 10.4741, "minade6": 0.9634, "goal_error": 7.812{"step": 17500, "loss": 5.0623, "minade1": 10.4818, "minade6": 0.9635, "goal_error": 7.831}
{"epoch": 6, "train_loss": 5.0564398528567684, "train_minade1": 10.475141273171552, "train_minade6": 0.9630365884344805, "train_goal_error": 7.820235971512127, "train_steps": 17622, "train_seconds": 1838.6371614933014, "val_loss": 5.799665400400606, "val_minade1": 10.315343352675502, "val_minade6": 1.0819850339558734, "val_goal_error": 9.025273185228823, "val_steps": 1869, "val_seconds": 175.96294140815735}
{"step": 500, "loss": 5.1149, "minade1": 9.4457, "minade6": 0.9296, "goal_error": 7.99}
{"step": 1000, "loss": 4.9525, "minade1": 9.5789, "minade6": 0.9251, "goal_error": 7.6813}
{"step": 1500, "loss": 4.8316, "minade1": 9.8006, "minade6": 0.9155, "goal_error": 7.464}
{"{"step": 2000, "loss": 4.7907, "minade1": 9.8554, "minade6": 0.9142, "goal_error": 7.3841{"{"step": 2500, "loss": 4.9041, "minade1": 9.8044, "minade6": 0.9191, "goal_error": 7.5999{"{"step": 3000, "loss": 4.9806, "minade1": 9.8278, "minade6": 0.9299, "goal_error": 7.7314{"step": 3500, "loss": 4.9291, "minade1": 9.8099, "minade6": 0.9248, "goal_error": 7.6411}
{"{"step": 4000, "loss": 4.9562, "minade1": 9.8049, "minade6": 0.9283, "goal_error": 7.6889{"{"step": 4500, "loss": 5.0051, "minade1": 9.8384, "minade6": 0.933, "goal_error": 7.7758{"{"step": 5000, "loss": 4.9766, "minade1": 9.8796, "minade6": 0.9355, "goal_error": 7.7138{"step": 5500, "loss": 4.9465, "minade1": 9.8543, "minade6": 0.9352, "goal_error": 7.6536}
{"{"step": 6000, "loss": 4.9699, "minade1": 9.8806, "minade6": 0.9407, "goal_error": 7.6889{"{"step": 6500, "loss": 4.9571, "minade1": 9.9141, "minade6": 0.9427, "goal_error": 7.6586{"step": 7000, "loss": 4.9708, "minade1": 9.9497, "minade6": 0.9421, "goal_error": 7.6875}
{"{"step": 7500, "loss": 4.9695, "minade1": 9.9358, "minade6": 0.9396, "goal_error": 7.6899{"step": 8000, "loss": 4.9798, "minade1": 9.9496, "minade6": 0.9409, "goal_error": 7.7071}
{"step": 8500, "loss": 4.9917, "minade1": 9.9413, "minade6": 0.9404, "goal_error": 7.7318}
{"{"step": 9000, "loss": 4.9972, "minade1": 9.955, "minade6": 0.9399, "goal_error": 7.7437{"step": 9500, "loss": 5.0145, "minade1": 9.9276, "minade6": 0.94, "goal_error": 7.7765}
{"step": 10000, "loss": 5.027, "minade1": 9.9121, "minade6": 0.942, "goal_error": 7.7961}
{"{"step": 10500, "loss": 5.0337, "minade1": 9.877, "minade6": 0.9418, "goal_error": 7.8091{"step": 11000, "loss": 5.0449, "minade1": 9.8873, "minade6": 0.9424, "goal_error": 7.8302}
{"step": 11500, "loss": 5.0338, "minade1": 9.8982, "minade6": 0.9406, "goal_error": 7.8116}
{"step": 12000, "loss": 5.0335, "minade1": 9.8693, "minade6": 0.94, "goal_error": 7.8117}
{"{"step": 12500, "loss": 5.0255, "minade1": 9.8578, "minade6": 0.9387, "goal_error": 7.7984{"{"step": 13000, "loss": 5.0146, "minade1": 9.8815, "minade6": 0.9387, "goal_error": 7.7768{"{"step": 13500, "loss": 5.0111, "minade1": 9.8524, "minade6": 0.9375, "goal_error": 7.7716{"{"step": 14000, "loss": 5.0244, "minade1": 9.8541, "minade6": 0.9368, "goal_error": 7.799{"{"step": 14500, "loss": 5.0219, "minade1": 9.8787, "minade6": 0.9363, "goal_error": 7.795{"{"step": 15000, "loss": 5.0143, "minade1": 9.8883, "minade6": 0.9353, "goal_error": 7.782{"{"step": 15500, "loss": 5.0258, "minade1": 9.8811, "minade6": 0.9344, "goal_error": 7.8066{"step": 16000, "loss": 5.0244, "minade1": 9.885, "minade6": 0.9333, "goal_error": 7.8061}
{"{"step": 16500, "loss": 5.0253, "minade1": 9.8636, "minade6": 0.933, "goal_error": 7.8078{"step": 17000, "loss": 5.0185, "minade1": 9.8699, "minade6": 0.9335, "goal_error": 7.793}
{"step": 17500, "loss": 5.0295, "minade1": 9.8447, "minade6": 0.9334, "goal_error": 7.8149}
{"epoch": 7, "train_loss": 5.0325149153044775, "train_minade1": 9.842878134956074, "train_minade6": 0.9332926061466098, "train_goal_error": 7.821071274774328, "train_steps": 17622, "train_seconds": 1842.2382760047913, "val_loss": 5.876464208955749, "val_minade1": 9.434139399684133, "val_minade6": 0.9968606188012323, "val_goal_error": 9.366082874643968, "val_steps": 1869, "val_seconds": 173.5157825946808}
{"s{"step": 500, "loss": 4.7958, "minade1": 9.7412, "minade6": 0.9477, "goal_error": 7.320{"step": 1000, "loss": 4.8928, "minade1": 9.9717, "minade6": 0.9486, "goal_error": 7.5116}
{"step": 1500, "loss": 4.9057, "minade1": 9.7223, "minade6": 0.9276, "goal_error": 7.5798}
{"s{"step": 2000, "loss": 4.9944, "minade1": 9.8537, "minade6": 0.94, "goal_error": 7.730{"s{"step": 2500, "loss": 5.0535, "minade1": 9.7811, "minade6": 0.9441, "goal_error": 7.838{"step": 3000, "loss": 5.0894, "minade1": 9.8312, "minade6": 0.9401, "goal_error": 7.9197}
{"step": 3500, "loss": 5.0623, "minade1": 9.8057, "minade6": 0.936, "goal_error": 7.8742}
{"step": 4000, "loss": 5.0012, "minade1": 9.8625, "minade6": 0.9298, "goal_error": 7.7663}
{"s{"step": 4500, "loss": 5.0049, "minade1": 9.8563, "minade6": 0.9333, "goal_error": 7.764{"s{"step": 5000, "loss": 5.0262, "minade1": 9.7918, "minade6": 0.9334, "goal_error": 7.804{"step": 5500, "loss": 4.9977, "minade1": 9.7908, "minade6": 0.9308, "goal_error": 7.753}
{"step": 6000, "loss": 4.9865, "minade1": 9.7802, "minade6": 0.9299, "goal_error": 7.7316}
{"s{"step": 6500, "loss": 4.9548, "minade1": 9.7271, "minade6": 0.9263, "goal_error": 7.675{"s{"step": 7000, "loss": 4.9442, "minade1": 9.7588, "minade6": 0.9221, "goal_error": 7.664{"step": 7500, "loss": 4.9421, "minade1": 9.7683, "minade6": 0.9244, "goal_error": 7.6559}
{"s{"step": 8000, "loss": 4.9278, "minade1": 9.7751, "minade6": 0.9226, "goal_error": 7.63{"step": 8500, "loss": 4.9519, "minade1": 9.768, "minade6": 0.9207, "goal_error": 7.6827}
{"s{"step": 9000, "loss": 4.9667, "minade1": 9.7883, "minade6": 0.9212, "goal_error": 7.711{"s{"step": 9500, "loss": 4.9749, "minade1": 9.7856, "minade6": 0.92, "goal_error": 7.730{"s{"step": 10000, "loss": 4.9652, "minade1": 9.7609, "minade6": 0.9177, "goal_error": 7.715{"step": 10500, "loss": 4.9544, "minade1": 9.7579, "minade6": 0.917, "goal_error": 7.6949}
{"s{"step": 11000, "loss": 4.9502, "minade1": 9.7704, "minade6": 0.917, "goal_error": 7.687{"s{"step": 11500, "loss": 4.9515, "minade1": 9.7767, "minade6": 0.9189, "goal_error": 7.685{"s{"step": 12000, "loss": 4.9531, "minade1": 9.7732, "minade6": 0.9183, "goal_error": 7.6{"s{"step": 12500, "loss": 4.9603, "minade1": 9.7748, "minade6": 0.9166, "goal_error": 7.708{"s{"step": 13000, "loss": 4.958, "minade1": 9.7608, "minade6": 0.9152, "goal_error": 7.706{"step": 13500, "loss": 4.9427, "minade1": 9.7626, "minade6": 0.9124, "goal_error": 7.6824}
{"step": 14000, "loss": 4.9431, "minade1": 9.8061, "minade6": 0.9124, "goal_error": 7.6837}
{"step": 14500, "loss": 4.9394, "minade1": 9.8065, "minade6": 0.912, "goal_error": 7.6775}
{"s{"step": 15000, "loss": 4.9462, "minade1": 9.8198, "minade6": 0.9126, "goal_error": 7.689{"s{"step": 15500, "loss": 4.9462, "minade1": 9.821, "minade6": 0.9113, "goal_error": 7.69{"s{"step": 16000, "loss": 4.9465, "minade1": 9.8373, "minade6": 0.911, "goal_error": 7.693{"s{"step": 16500, "loss": 4.954, "minade1": 9.8451, "minade6": 0.911, "goal_error": 7.708{"s{"step": 17000, "loss": 4.9506, "minade1": 9.8488, "minade6": 0.9103, "goal_error": 7.703{"s{"step": 17500, "loss": 4.942, "minade1": 9.8315, "minade6": 0.9103, "goal_error": 7.685{"epoch": 8, "train_loss": 4.944479845714527, "train_minade1": 9.832660643781926, "train_minade6": 0.9106501156821274, "train_goal_error": 7.689487586505462, "train_steps": 17622, "train_seconds": 1885.220026254654, "val_loss": 5.6566358619215595, "val_minade1": 10.549898314310179, "val_minade6": 0.9641372293907573, "val_goal_error": 8.999824388096195, "val_steps": 1869, "val_seconds": 193.06607937812805}
{"{"step": 500, "loss": 4.9954, "minade1": 9.8541, "minade6": 0.8973, "goal_error": 7.8185{"{"step": 1000, "loss": 4.962, "minade1": 9.7215, "minade6": 0.9109, "goal_error": 7.7147{"{"step": 1500, "loss": 4.8591, "minade1": 9.6693, "minade6": 0.9083, "goal_error": 7.5147{"{"step": 2000, "loss": 4.8949, "minade1": 9.6352, "minade6": 0.8956, "goal_error": 7.6164{"step": 2500, "loss": 4.9984, "minade1": 9.7862, "minade6": 0.9114, "goal_error": 7.7885}
{"step": 3000, "loss": 4.9799, "minade1": 9.7937, "minade6": 0.9118, "goal_error": 7.7497}
{"step": 3500, "loss": 5.0145, "minade1": 9.774, "minade6": 0.9117, "goal_error": 7.818}
{"step": 4000, "loss": 4.9975, "minade1": 9.7888, "minade6": 0.9094, "goal_error": 7.788}
{"{"step": 4500, "loss": 4.9633, "minade1": 9.833, "minade6": 0.9049, "goal_error": 7.7311{"step": 5000, "loss": 4.9411, "minade1": 9.7883, "minade6": 0.9009, "goal_error": 7.6958}
{"{"step": 5500, "loss": 4.9208, "minade1": 9.8548, "minade6": 0.8993, "goal_error": 7.6596{"{"step": 6000, "loss": 4.9086, "minade1": 9.8968, "minade6": 0.8996, "goal_error": 7.6348{"{"step": 6500, "loss": 4.9112, "minade1": 9.9431, "minade6": 0.9003, "goal_error": 7.6388{"step": 7000, "loss": 4.8925, "minade1": 9.941, "minade6": 0.9005, "goal_error": 7.6006}
{"step": 7500, "loss": 4.8816, "minade1": 9.92, "minade6": 0.8981, "goal_error": 7.5844}
{"step": 8000, "loss": 4.8739, "minade1": 9.8707, "minade6": 0.8964, "goal_error": 7.5723}
{"step": 8500, "loss": 4.8645, "minade1": 9.856, "minade6": 0.8961, "goal_error": 7.5544}
{"step": 9000, "loss": 4.8729, "minade1": 9.839, "minade6": 0.8962, "goal_error": 7.5703}
{"{"step": 9500, "loss": 4.8619, "minade1": 9.8448, "minade6": 0.8956, "goal_error": 7.5497{"step": 10000, "loss": 4.8769, "minade1": 9.8439, "minade6": 0.8943, "goal_error": 7.582}
{"{"step": 10500, "loss": 4.8837, "minade1": 9.8766, "minade6": 0.8954, "goal_error": 7.5931{"step": 11000, "loss": 4.8926, "minade1": 9.8611, "minade6": 0.895, "goal_error": 7.6114}
{"{"step": 11500, "loss": 4.8904, "minade1": 9.8597, "minade6": 0.8947, "goal_error": 7.6071}
{"step": 500, "loss": 4.9816, "minade1": 10.1937, "minade6": 0.8817, "goal_error": 7.8116}
{"step": 1000, "loss": 4.9141, "minade1": 9.7153, "minade6": 0.8888, "goal_error": 7.6638}
{"step": 1500, "loss": 4.9196, "minade1": 9.6056, "minade6": 0.883, "goal_error": 7.691}
{"step": 2000, "loss": 5.0356, "minade1": 9.8425, "minade6": 0.8838, "goal_error": 7.9232}
{"step": 2500, "loss": 4.9768, "minade1": 9.8381, "minade6": 0.8794, "goal_error": 7.8162}
{"step": 3000, "loss": 4.9845, "minade1": 9.7903, "minade6": 0.8811, "goal_error": 7.8276}
{"step": 3500, "loss": 4.9566, "minade1": 9.7766, "minade6": 0.886, "goal_error": 7.7622}
{"step": 4000, "loss": 4.9415, "minade1": 9.7239, "minade6": 0.8883, "goal_error": 7.727}
{"step": 4500, "loss": 4.933, "minade1": 9.7248, "minade6": 0.8932, "goal_error": 7.6996}
{"step": 5000, "loss": 4.9723, "minade1": 9.673, "minade6": 0.8945, "goal_error": 7.7761}
{"step": 5500, "loss": 4.939, "minade1": 9.6773, "minade6": 0.8933, "goal_error": 7.7113}
{"step": 6000, "loss": 4.9412, "minade1": 9.6962, "minade6": 0.8914, "goal_error": 7.72}
{"step": 6500, "loss": 4.917, "minade1": 9.7621, "minade6": 0.8923, "goal_error": 7.671}
{"step": 7000, "loss": 4.9088, "minade1": 9.7803, "minade6": 0.8932, "goal_error": 7.6531}
{"step": 7500, "loss": 4.925, "minade1": 9.7943, "minade6": 0.8942, "goal_error": 7.6829}
{"step": 8000, "loss": 4.9562, "minade1": 9.7929, "minade6": 0.8956, "goal_error": 7.7408}
{"step": 8500, "loss": 4.9466, "minade1": 9.7453, "minade6": 0.8942, "goal_error": 7.724}
{"step": 9000, "loss": 4.9469, "minade1": 9.7442, "minade6": 0.8937, "goal_error": 7.7263}
{"step": 9500, "loss": 4.9363, "minade1": 9.7618, "minade6": 0.8912, "goal_error": 7.7104}
{"step": 10000, "loss": 4.9469, "minade1": 9.7898, "minade6": 0.8907, "goal_error": 7.7324}
{"step": 10500, "loss": 4.9442, "minade1": 9.8112, "minade6": 0.89, "goal_error": 7.7278}
{"step": 11000, "loss": 4.9391, "minade1": 9.7846, "minade6": 0.8884, "goal_error": 7.721}
{"step": 11500, "loss": 4.9287, "minade1": 9.7684, "minade6": 0.8883, "goal_error": 7.7002}
{"step": 12000, "loss": 4.9359, "minade1": 9.7536, "minade6": 0.8871, "goal_error": 7.7164}
{"step": 12500, "loss": 4.939, "minade1": 9.7441, "minade6": 0.888, "goal_error": 7.7202}
{"step": 13000, "loss": 4.95, "minade1": 9.7481, "minade6": 0.8881, "goal_error": 7.742}
{"step": 13500, "loss": 4.9508, "minade1": 9.7313, "minade6": 0.8879, "goal_error": 7.7432}
{"step": 14000, "loss": 4.955, "minade1": 9.7194, "minade6": 0.8884, "goal_error": 7.7508}
{"step": 14500, "loss": 4.9657, "minade1": 9.7077, "minade6": 0.8892, "goal_error": 7.7706}
{"step": 15000, "loss": 4.9696, "minade1": 9.7181, "minade6": 0.8903, "goal_error": 7.7764}
{"step": 15500, "loss": 4.9618, "minade1": 9.6896, "minade6": 0.8879, "goal_error": 7.7657}
{"step": 16000, "loss": 4.9513, "minade1": 9.6804, "minade6": 0.8886, "goal_error": 7.7435}
{"step": 16500, "loss": 4.9588, "minade1": 9.6946, "minade6": 0.8899, "goal_error": 7.7555}
{"step": 17000, "loss": 4.9555, "minade1": 9.6902, "minade6": 0.889, "goal_error": 7.7506}
{"step": 17500, "loss": 4.9447, "minade1": 9.6848, "minade6": 0.8884, "goal_error": 7.7299}
{"epoch": 9, "train_loss": 4.942079298218094, "train_minade1": 9.682339072917488, "train_minade6": 0.8890409838389629, "train_goal_error": 7.723154362859764, "train_steps": 17622, "train_seconds": 1217.6267778873444, "val_loss": 5.5664338529500625, "val_minade1": 10.657878617668866, "val_minade6": 0.9979997321399234, "val_goal_error": 8.70292166299239, "val_steps": 1869, "val_seconds": 118.63275909423828}
{"step": 500, "loss": 4.8488, "minade1": 9.1792, "minade6": 0.8929, "goal_error": 7.5147}
{"step": 1000, "loss": 4.7103, "minade1": 9.0223, "minade6": 0.8595, "goal_error": 7.3182}
{"step": 1500, "loss": 4.9298, "minade1": 9.385, "minade6": 0.8786, "goal_error": 7.7163}
{"step": 2000, "loss": 4.7948, "minade1": 9.3983, "minade6": 0.8756, "goal_error": 7.4535}
{"step": 2500, "loss": 4.7791, "minade1": 9.2606, "minade6": 0.8738, "goal_error": 7.4249}
{"step": 3000, "loss": 4.8897, "minade1": 9.3311, "minade6": 0.8824, "goal_error": 7.6262}
{"step": 3500, "loss": 4.8311, "minade1": 9.2909, "minade6": 0.8782, "goal_error": 7.515}
{"step": 4000, "loss": 4.8306, "minade1": 9.4065, "minade6": 0.8809, "goal_error": 7.5084}
{"step": 4500, "loss": 4.8449, "minade1": 9.4024, "minade6": 0.8815, "goal_error": 7.5355}
{"step": 5000, "loss": 4.8652, "minade1": 9.3903, "minade6": 0.8788, "goal_error": 7.583}
{"step": 5500, "loss": 4.8773, "minade1": 9.4285, "minade6": 0.879, "goal_error": 7.6072}
{"step": 6000, "loss": 4.9053, "minade1": 9.4219, "minade6": 0.8787, "goal_error": 7.663}
{"step": 6500, "loss": 4.9015, "minade1": 9.4363, "minade6": 0.8804, "goal_error": 7.6509}
{"step": 7000, "loss": 4.9376, "minade1": 9.4039, "minade6": 0.8834, "goal_error": 7.7156}
{"step": 7500, "loss": 4.9118, "minade1": 9.4397, "minade6": 0.8808, "goal_error": 7.67}
{"step": 8000, "loss": 4.8956, "minade1": 9.4604, "minade6": 0.8787, "goal_error": 7.6421}
{"step": 8500, "loss": 4.8993, "minade1": 9.4977, "minade6": 0.8793, "goal_error": 7.6495}
{"step": 9000, "loss": 4.8899, "minade1": 9.472, "minade6": 0.8788, "goal_error": 7.6317}
{"step": 9500, "loss": 4.854, "minade1": 9.4388, "minade6": 0.876, "goal_error": 7.5658}
{"step": 10000, "loss": 4.8685, "minade1": 9.4621, "minade6": 0.8775, "goal_error": 7.5921}
{"step": 10500, "loss": 4.8614, "minade1": 9.4863, "minade6": 0.8777, "goal_error": 7.5777}
{"step": 11000, "loss": 4.8752, "minade1": 9.4466, "minade6": 0.8781, "goal_error": 7.6042}
{"step": 11500, "loss": 4.8644, "minade1": 9.491, "minade6": 0.8804, "goal_error": 7.5784}
{"step": 12000, "loss": 4.8814, "minade1": 9.4957, "minade6": 0.8808, "goal_error": 7.6113}
{"step": 12500, "loss": 4.8804, "minade1": 9.4989, "minade6": 0.8806, "goal_error": 7.6097}
{"step": 13000, "loss": 4.8861, "minade1": 9.5172, "minade6": 0.8809, "goal_error": 7.6198}
{"step": 13500, "loss": 4.8897, "minade1": 9.5254, "minade6": 0.8803, "goal_error": 7.6284}
{"step": 14000, "loss": 4.8927, "minade1": 9.5585, "minade6": 0.879, "goal_error": 7.6372}
{"step": 14500, "loss": 4.8997, "minade1": 9.5788, "minade6": 0.8787, "goal_error": 7.6518}
{"step": 15000, "loss": 4.8932, "minade1": 9.5933, "minade6": 0.8775, "goal_error": 7.6416}
{"step": 15500, "loss": 4.885, "minade1": 9.5976, "minade6": 0.8768, "goal_error": 7.627}
{"step": 16000, "loss": 4.8723, "minade1": 9.615, "minade6": 0.8765, "goal_error": 7.6025}
{"step": 16500, "loss": 4.8736, "minade1": 9.6048, "minade6": 0.876, "goal_error": 7.6061}
{"step": 17000, "loss": 4.8681, "minade1": 9.5919, "minade6": 0.8756, "goal_error": 7.5958}
{"step": 17500, "loss": 4.8733, "minade1": 9.5713, "minade6": 0.875, "goal_error": 7.6073}
{"epoch": 10, "train_loss": 4.873440014072217, "train_minade1": 9.57109087694112, "train_minade6": 0.8747638362330779, "train_goal_error": 7.608095830884167, "train_steps": 17622, "train_seconds": 1163.1754312515259, "val_loss": 5.411279923849131, "val_minade1": 9.509816340420448, "val_minade6": 0.9294338609790056, "val_goal_error": 8.55163491701477, "val_steps": 1869, "val_seconds": 117.71732139587402}
{"step": 500, "loss": 4.9467, "minade1": 9.3392, "minade6": 0.8332, "goal_error": 7.8455}
{"step": 1000, "loss": 5.1372, "minade1": 9.2681, "minade6": 0.8524, "goal_error": 8.1749}
{"step": 1500, "loss": 4.9555, "minade1": 9.2365, "minade6": 0.8388, "goal_error": 7.8384}
{"step": 2000, "loss": 4.9902, "minade1": 9.033, "minade6": 0.8397, "goal_error": 7.9036}
{"step": 2500, "loss": 4.9667, "minade1": 8.992, "minade6": 0.8396, "goal_error": 7.858}
{"step": 3000, "loss": 4.925, "minade1": 9.106, "minade6": 0.8457, "goal_error": 7.7647}
{"step": 3500, "loss": 4.8704, "minade1": 9.2278, "minade6": 0.8469, "goal_error": 7.6545}
{"step": 4000, "loss": 4.8634, "minade1": 9.2856, "minade6": 0.8515, "goal_error": 7.6324}
{"step": 4500, "loss": 4.8495, "minade1": 9.316, "minade6": 0.8508, "goal_error": 7.6073}
{"step": 5000, "loss": 4.8532, "minade1": 9.3637, "minade6": 0.851, "goal_error": 7.6146}
{"step": 5500, "loss": 4.8047, "minade1": 9.3922, "minade6": 0.8497, "goal_error": 7.5199}
{"step": 6000, "loss": 4.7846, "minade1": 9.432, "minade6": 0.8527, "goal_error": 7.4727}
{"step": 6500, "loss": 4.8055, "minade1": 9.4112, "minade6": 0.8518, "goal_error": 7.5158}
{"step": 7000, "loss": 4.8059, "minade1": 9.3957, "minade6": 0.8544, "goal_error": 7.5112}
{"step": 7500, "loss": 4.7982, "minade1": 9.4234, "minade6": 0.8536, "goal_error": 7.4982}
{"step": 8000, "loss": 4.789, "minade1": 9.4108, "minade6": 0.8519, "goal_error": 7.4831}
{"step": 8500, "loss": 4.7959, "minade1": 9.3727, "minade6": 0.8517, "goal_error": 7.4975}
{"step": 9000, "loss": 4.7938, "minade1": 9.3702, "minade6": 0.8518, "goal_error": 7.4934}
{"step": 9500, "loss": 4.7916, "minade1": 9.3548, "minade6": 0.8507, "goal_error": 7.4916}
{"step": 10000, "loss": 4.8056, "minade1": 9.3368, "minade6": 0.8522, "goal_error": 7.5162}
{"step": 10500, "loss": 4.8152, "minade1": 9.3074, "minade6": 0.852, "goal_error": 7.5362}
{"step": 11000, "loss": 4.8199, "minade1": 9.3202, "minade6": 0.8512, "goal_error": 7.5477}
{"step": 11500, "loss": 4.8395, "minade1": 9.3223, "minade6": 0.8527, "goal_error": 7.5837}
{"step": 12000, "loss": 4.8264, "minade1": 9.3479, "minade6": 0.854, "goal_error": 7.5548}
{"step": 12500, "loss": 4.8151, "minade1": 9.337, "minade6": 0.853, "goal_error": 7.5341}
{"step": 13000, "loss": 4.825, "minade1": 9.3232, "minade6": 0.8529, "goal_error": 7.5537}
{"step": 13500, "loss": 4.8138, "minade1": 9.3156, "minade6": 0.8518, "goal_error": 7.5331}
{"step": 14000, "loss": 4.8099, "minade1": 9.3281, "minade6": 0.8528, "goal_error": 7.5229}
{"step": 14500, "loss": 4.8188, "minade1": 9.3235, "minade6": 0.8534, "goal_error": 7.5386}
{"step": 15000, "loss": 4.8175, "minade1": 9.3069, "minade6": 0.8532, "goal_error": 7.5362}
{"step": 15500, "loss": 4.8111, "minade1": 9.302, "minade6": 0.8522, "goal_error": 7.5253}
{"step": 16000, "loss": 4.8138, "minade1": 9.307, "minade6": 0.8537, "goal_error": 7.5271}
{"step": 16500, "loss": 4.8077, "minade1": 9.3086, "minade6": 0.8541, "goal_error": 7.5141}
{"step": 17000, "loss": 4.8171, "minade1": 9.2964, "minade6": 0.8542, "goal_error": 7.5327}
{"step": 17500, "loss": 4.8074, "minade1": 9.2968, "minade6": 0.8541, "goal_error": 7.514}
{"epoch": 11, "train_loss": 4.811172414312293, "train_minade1": 9.301926891658434, "train_minade6": 0.8552028433870151, "train_goal_error": 7.5191795964327985, "train_steps": 17622, "train_seconds": 1165.7022442817688, "val_loss": 5.561426860321694, "val_minade1": 9.70812296612241, "val_minade6": 0.9747693512136283, "val_goal_error": 8.782152634980571, "val_steps": 1869, "val_seconds": 117.98037147521973}
{"step": 500, "loss": 4.6527, "minade1": 9.4632, "minade6": 0.8705, "goal_error": 7.1655}
{"step": 1000, "loss": 4.6629, "minade1": 9.3214, "minade6": 0.8833, "goal_error": 7.1651}
{"step": 1500, "loss": 4.6022, "minade1": 9.264, "minade6": 0.8703, "goal_error": 7.0674}
{"step": 2000, "loss": 4.6875, "minade1": 9.3886, "minade6": 0.8725, "goal_error": 7.2327}
{"step": 2500, "loss": 4.7064, "minade1": 9.5145, "minade6": 0.8693, "goal_error": 7.2781}
{"step": 3000, "loss": 4.695, "minade1": 9.5195, "minade6": 0.8696, "goal_error": 7.2543}
{"step": 3500, "loss": 4.6773, "minade1": 9.4871, "minade6": 0.8637, "goal_error": 7.231}
{"step": 4000, "loss": 4.6893, "minade1": 9.4342, "minade6": 0.8603, "goal_error": 7.2612}
{"step": 4500, "loss": 4.6867, "minade1": 9.3671, "minade6": 0.858, "goal_error": 7.2605}
{"step": 5000, "loss": 4.6787, "minade1": 9.3526, "minade6": 0.8588, "goal_error": 7.243}
{"step": 5500, "loss": 4.7171, "minade1": 9.3166, "minade6": 0.8568, "goal_error": 7.3248}
{"step": 6000, "loss": 4.7324, "minade1": 9.3081, "minade6": 0.8542, "goal_error": 7.3605}
{"step": 6500, "loss": 4.7471, "minade1": 9.2862, "minade6": 0.8534, "goal_error": 7.3909}
{"step": 7000, "loss": 4.7599, "minade1": 9.2984, "minade6": 0.8524, "goal_error": 7.4194}
{"step": 7500, "loss": 4.7777, "minade1": 9.2683, "minade6": 0.852, "goal_error": 7.455}
{"step": 8000, "loss": 4.7935, "minade1": 9.2379, "minade6": 0.8543, "goal_error": 7.4808}
{"step": 8500, "loss": 4.7822, "minade1": 9.2417, "minade6": 0.8543, "goal_error": 7.4581}
{"step": 9000, "loss": 4.7951, "minade1": 9.2295, "minade6": 0.8543, "goal_error": 7.4838}
{"step": 9500, "loss": 4.8072, "minade1": 9.2112, "minade6": 0.8518, "goal_error": 7.5135}
{"step": 10000, "loss": 4.8121, "minade1": 9.2144, "minade6": 0.8523, "goal_error": 7.5217}
{"step": 10500, "loss": 4.8164, "minade1": 9.2567, "minade6": 0.8518, "goal_error": 7.5316}
{"step": 11000, "loss": 4.8094, "minade1": 9.2632, "minade6": 0.8514, "goal_error": 7.5191}
{"step": 11500, "loss": 4.7957, "minade1": 9.2647, "minade6": 0.8498, "goal_error": 7.4957}
{"step": 12000, "loss": 4.801, "minade1": 9.3002, "minade6": 0.8492, "goal_error": 7.5081}
{"step": 12500, "loss": 4.8119, "minade1": 9.3213, "minade6": 0.8497, "goal_error": 7.529}
{"step": 13000, "loss": 4.8058, "minade1": 9.3109, "minade6": 0.8493, "goal_error": 7.5175}
{"step": 13500, "loss": 4.8025, "minade1": 9.3303, "minade6": 0.8496, "goal_error": 7.5104}
{"step": 14000, "loss": 4.8033, "minade1": 9.3422, "minade6": 0.8499, "goal_error": 7.5113}
{"step": 14500, "loss": 4.8062, "minade1": 9.3577, "minade6": 0.8501, "goal_error": 7.5164}
{"step": 15000, "loss": 4.8029, "minade1": 9.3629, "minade6": 0.8491, "goal_error": 7.5121}
{"step": 15500, "loss": 4.8137, "minade1": 9.3575, "minade6": 0.8495, "goal_error": 7.533}
{"step": 16000, "loss": 4.8064, "minade1": 9.3362, "minade6": 0.8476, "goal_error": 7.522}
{"step": 16500, "loss": 4.8096, "minade1": 9.3257, "minade6": 0.8478, "goal_error": 7.5284}
{"step": 17000, "loss": 4.8156, "minade1": 9.3125, "minade6": 0.8479, "goal_error": 7.5402}
{"step": 17500, "loss": 4.8066, "minade1": 9.3095, "minade6": 0.848, "goal_error": 7.5221}
Traceback (most recent call last):
  File "/mnt/c/Users/andy0/Downloads/behavior_stack_planner/motion_prediction_model_v1/resume_motion_prediction_v1.py", line 65, in <module>
    train_metrics = run_epoch(model, train_loader, optimizer, device, args, True, args.max_train_steps)
                    ^^^^^^^^^^^^^^^^^^^^^^^^^^^^^^^^^^^^^^^^^^^^^^^^^^^^^^^^^^^^^^^^^^^^^^^^^^^^^^^^^^^
  File "/mnt/c/Users/andy0/Downloads/behavior_stack_planner/motion_prediction_model_v1/train_motion_prediction_v1.py", line 165, in run_epoch
    samples = window_to_samples(raw_batch, args.max_targets, args.neighbor_k, args.signal_k, train)
              ^^^^^^^^^^^^^^^^^^^^^^^^^^^^^^^^^^^^^^^^^^^^^^^^^^^^^^^^^^^^^^^^^^^^^^^^^^^^^^^^^^^^^
  File "/mnt/c/Users/andy0/Downloads/behavior_stack_planner/motion_prediction_model_v1/train_motion_prediction_v1.py", line 104, in window_to_samples
    raise RuntimeError('Batch contains no eligible targets')
RuntimeError: Batch contains no eligible targets
{"step": 500, "loss": 4.9691, "minade1": 9.4686, "minade6": 0.8658, "goal_error": 7.8079}
{"step": 1000, "loss": 4.8449, "minade1": 9.1569, "minade6": 0.8535, "goal_error": 7.5855}
{"step": 1500, "loss": 4.8425, "minade1": 9.068, "minade6": 0.8471, "goal_error": 7.5899}
{"step": 2000, "loss": 4.9467, "minade1": 9.2141, "minade6": 0.8468, "goal_error": 7.7988}
{"step": 2500, "loss": 4.8967, "minade1": 9.268, "minade6": 0.8498, "goal_error": 7.6941}
{"step": 3000, "loss": 4.9028, "minade1": 9.3141, "minade6": 0.8507, "goal_error": 7.7054}
{"step": 3500, "loss": 4.8619, "minade1": 9.3477, "minade6": 0.8518, "goal_error": 7.6221}
{"step": 4000, "loss": 4.8456, "minade1": 9.3902, "minade6": 0.8549, "goal_error": 7.5843}
{"step": 4500, "loss": 4.8288, "minade1": 9.4151, "minade6": 0.8554, "goal_error": 7.5501}
{"step": 5000, "loss": 4.8692, "minade1": 9.4343, "minade6": 0.855, "goal_error": 7.6327}
{"step": 5500, "loss": 4.8334, "minade1": 9.4559, "minade6": 0.8526, "goal_error": 7.566}
{"step": 6000, "loss": 4.8318, "minade1": 9.4667, "minade6": 0.8499, "goal_error": 7.5694}
{"step": 6500, "loss": 4.8033, "minade1": 9.4679, "minade6": 0.8479, "goal_error": 7.5178}
{"step": 7000, "loss": 4.7999, "minade1": 9.4665, "minade6": 0.8499, "goal_error": 7.5063}
{"step": 7500, "loss": 4.813, "minade1": 9.4266, "minade6": 0.8491, "goal_error": 7.5338}
{"step": 8000, "loss": 4.845, "minade1": 9.4347, "minade6": 0.8517, "goal_error": 7.592}
{"step": 8500, "loss": 4.8383, "minade1": 9.4152, "minade6": 0.8517, "goal_error": 7.5781}
{"step": 9000, "loss": 4.8403, "minade1": 9.4198, "minade6": 0.8512, "goal_error": 7.5831}
{"step": 9500, "loss": 4.8283, "minade1": 9.4149, "minade6": 0.8485, "goal_error": 7.5647}
{"step": 10000, "loss": 4.8386, "minade1": 9.4519, "minade6": 0.8473, "goal_error": 7.5888}
{"step": 10500, "loss": 4.8376, "minade1": 9.4413, "minade6": 0.8463, "goal_error": 7.5885}
{"step": 11000, "loss": 4.8314, "minade1": 9.4197, "minade6": 0.8441, "goal_error": 7.5806}
{"step": 11500, "loss": 4.8209, "minade1": 9.3906, "minade6": 0.8443, "goal_error": 7.5588}
{"step": 12000, "loss": 4.8266, "minade1": 9.3638, "minade6": 0.843, "goal_error": 7.5726}
{"step": 12500, "loss": 4.8305, "minade1": 9.3703, "minade6": 0.8444, "goal_error": 7.5775}
{"step": 13000, "loss": 4.8417, "minade1": 9.3786, "minade6": 0.8457, "goal_error": 7.5976}
{"step": 13500, "loss": 4.8391, "minade1": 9.3766, "minade6": 0.845, "goal_error": 7.5936}
{"step": 14000, "loss": 4.8463, "minade1": 9.3837, "minade6": 0.8463, "goal_error": 7.6052}
{"step": 14500, "loss": 4.856, "minade1": 9.3671, "minade6": 0.8464, "goal_error": 7.6245}
{"step": 15000, "loss": 4.8601, "minade1": 9.3701, "minade6": 0.8469, "goal_error": 7.6318}
{"step": 15500, "loss": 4.8527, "minade1": 9.3687, "minade6": 0.8445, "goal_error": 7.6224}
{"step": 16000, "loss": 4.8424, "minade1": 9.333, "minade6": 0.8446, "goal_error": 7.6019}
{"step": 16500, "loss": 4.8487, "minade1": 9.3489, "minade6": 0.8455, "goal_error": 7.6125}
{"step": 17000, "loss": 4.8454, "minade1": 9.3636, "minade6": 0.845, "goal_error": 7.6071}
{"step": 17500, "loss": 4.8346, "minade1": 9.3618, "minade6": 0.8443, "goal_error": 7.5868}
{"epoch": 12, "train_loss": 4.831901333630829, "train_minade1": 9.363553114097568, "train_minade6": 0.8451070103846341, "train_goal_error": 7.5795136752183545, "train_steps": 17622, "train_seconds": 1179.064037322998, "val_loss": 5.703749249263234, "val_minade1": 11.868280331293741, "val_minade6": 1.0141890562329303, "val_goal_error": 8.96384614858868, "val_steps": 1869, "val_seconds": 119.63472056388855}
{"step": 500, "loss": 4.6966, "minade1": 9.0684, "minade6": 0.8091, "goal_error": 7.3757}
{"step": 1000, "loss": 4.6282, "minade1": 9.3588, "minade6": 0.8138, "goal_error": 7.2363}
{"step": 1500, "loss": 4.8306, "minade1": 9.7032, "minade6": 0.8258, "goal_error": 7.6155}
{"step": 2000, "loss": 4.7, "minade1": 9.4084, "minade6": 0.8253, "goal_error": 7.3543}
{"step": 2500, "loss": 4.6804, "minade1": 9.3002, "minade6": 0.8249, "goal_error": 7.3134}
{"step": 3000, "loss": 4.7897, "minade1": 9.3724, "minade6": 0.8376, "goal_error": 7.505}
{"step": 3500, "loss": 4.736, "minade1": 9.3838, "minade6": 0.8357, "goal_error": 7.4}
{"step": 4000, "loss": 4.731, "minade1": 9.4891, "minade6": 0.8381, "goal_error": 7.3844}
{"step": 4500, "loss": 4.7447, "minade1": 9.5416, "minade6": 0.8383, "goal_error": 7.4118}
{"step": 5000, "loss": 4.7653, "minade1": 9.5108, "minade6": 0.8375, "goal_error": 7.4566}
{"step": 5500, "loss": 4.7816, "minade1": 9.5468, "minade6": 0.8397, "goal_error": 7.4855}
{"step": 6000, "loss": 4.807, "minade1": 9.5364, "minade6": 0.8377, "goal_error": 7.5406}
{"step": 6500, "loss": 4.7984, "minade1": 9.522, "minade6": 0.837, "goal_error": 7.5243}
{"step": 7000, "loss": 4.8328, "minade1": 9.507, "minade6": 0.839, "goal_error": 7.5887}
{"step": 7500, "loss": 4.8118, "minade1": 9.5076, "minade6": 0.8378, "goal_error": 7.5493}
{"step": 8000, "loss": 4.797, "minade1": 9.517, "minade6": 0.8349, "goal_error": 7.5266}
{"step": 8500, "loss": 4.8073, "minade1": 9.4948, "minade6": 0.8374, "goal_error": 7.5418}
{"step": 9000, "loss": 4.7967, "minade1": 9.4948, "minade6": 0.8376, "goal_error": 7.5211}
{"step": 9500, "loss": 4.7614, "minade1": 9.4495, "minade6": 0.8361, "goal_error": 7.4539}
{"step": 10000, "loss": 4.7742, "minade1": 9.4532, "minade6": 0.8366, "goal_error": 7.4782}
{"step": 10500, "loss": 4.7639, "minade1": 9.4384, "minade6": 0.8355, "goal_error": 7.4596}
{"step": 11000, "loss": 4.7757, "minade1": 9.3946, "minade6": 0.8351, "goal_error": 7.4834}
{"step": 11500, "loss": 4.7628, "minade1": 9.4023, "minade6": 0.8362, "goal_error": 7.4557}
{"step": 12000, "loss": 4.7783, "minade1": 9.3894, "minade6": 0.8361, "goal_error": 7.4864}
{"step": 12500, "loss": 4.7805, "minade1": 9.384, "minade6": 0.8375, "goal_error": 7.488}
{"step": 13000, "loss": 4.7875, "minade1": 9.3897, "minade6": 0.8386, "goal_error": 7.4996}
{"step": 13500, "loss": 4.7924, "minade1": 9.3872, "minade6": 0.8385, "goal_error": 7.5097}
{"step": 14000, "loss": 4.7957, "minade1": 9.4097, "minade6": 0.8377, "goal_error": 7.518}
{"step": 14500, "loss": 4.8036, "minade1": 9.4076, "minade6": 0.8383, "goal_error": 7.5327}
{"step": 15000, "loss": 4.7961, "minade1": 9.3804, "minade6": 0.8359, "goal_error": 7.5226}
{"step": 15500, "loss": 4.7895, "minade1": 9.3674, "minade6": 0.8354, "goal_error": 7.5108}
{"step": 16000, "loss": 4.7781, "minade1": 9.3811, "minade6": 0.8351, "goal_error": 7.4889}
{"step": 16500, "loss": 4.7786, "minade1": 9.3842, "minade6": 0.8349, "goal_error": 7.4906}
{"step": 17000, "loss": 4.7746, "minade1": 9.3935, "minade6": 0.8352, "goal_error": 7.4821}
{"step": 17500, "loss": 4.782, "minade1": 9.3741, "minade6": 0.8352, "goal_error": 7.4963}
{"epoch": 13, "train_loss": 4.783185416937632, "train_minade1": 9.376237474793731, "train_minade6": 0.8354369754390479, "train_goal_error": 7.498224362419482, "train_steps": 17622, "train_seconds": 1170.579755783081, "val_loss": 5.389352225923264, "val_minade1": 9.456346221312028, "val_minade6": 0.9217844003898182, "val_goal_error": 8.543559130247823, "val_steps": 1869, "val_seconds": 119.16741132736206}
{"step": 500, "loss": 4.9183, "minade1": 9.0583, "minade6": 0.828, "goal_error": 7.7919}
{"step": 1000, "loss": 5.051, "minade1": 8.828, "minade6": 0.8168, "goal_error": 8.0651}
{"step": 1500, "loss": 4.8812, "minade1": 8.9744, "minade6": 0.805, "goal_error": 7.754}
{"step": 2000, "loss": 4.9176, "minade1": 8.9182, "minade6": 0.8065, "goal_error": 7.8244}
{"step": 2500, "loss": 4.8994, "minade1": 9.0085, "minade6": 0.8058, "goal_error": 7.7907}
{"step": 3000, "loss": 4.862, "minade1": 9.2387, "minade6": 0.8159, "goal_error": 7.6967}
{"step": 3500, "loss": 4.8068, "minade1": 9.2385, "minade6": 0.8163, "goal_error": 7.5859}
{"step": 4000, "loss": 4.7904, "minade1": 9.2434, "minade6": 0.8196, "goal_error": 7.5465}
{"step": 4500, "loss": 4.7743, "minade1": 9.2145, "minade6": 0.8173, "goal_error": 7.5187}
{"step": 5000, "loss": 4.7772, "minade1": 9.2202, "minade6": 0.819, "goal_error": 7.5205}
{"step": 5500, "loss": 4.7287, "minade1": 9.2428, "minade6": 0.8182, "goal_error": 7.4244}
{"step": 6000, "loss": 4.7073, "minade1": 9.2474, "minade6": 0.8192, "goal_error": 7.3795}
{"step": 6500, "loss": 4.731, "minade1": 9.2867, "minade6": 0.8195, "goal_error": 7.4268}
{"step": 7000, "loss": 4.7265, "minade1": 9.2641, "minade6": 0.8217, "goal_error": 7.4133}
{"step": 7500, "loss": 4.7202, "minade1": 9.2717, "minade6": 0.8213, "goal_error": 7.4017}
{"step": 8000, "loss": 4.7099, "minade1": 9.2389, "minade6": 0.8198, "goal_error": 7.3846}
{"step": 8500, "loss": 4.7151, "minade1": 9.2353, "minade6": 0.8186, "goal_error": 7.398}
{"step": 9000, "loss": 4.7126, "minade1": 9.2777, "minade6": 0.8184, "goal_error": 7.3936}
{"step": 9500, "loss": 4.7095, "minade1": 9.2596, "minade6": 0.8169, "goal_error": 7.3908}
{"step": 10000, "loss": 4.7233, "minade1": 9.2319, "minade6": 0.8175, "goal_error": 7.4175}
{"step": 10500, "loss": 4.7343, "minade1": 9.205, "minade6": 0.8181, "goal_error": 7.4387}
{"step": 11000, "loss": 4.742, "minade1": 9.2031, "minade6": 0.819, "goal_error": 7.4522}
{"step": 11500, "loss": 4.7613, "minade1": 9.1912, "minade6": 0.8201, "goal_error": 7.4883}
{"step": 12000, "loss": 4.7491, "minade1": 9.208, "minade6": 0.8207, "goal_error": 7.4623}
{"step": 12500, "loss": 4.7382, "minade1": 9.2142, "minade6": 0.8204, "goal_error": 7.4409}
{"step": 13000, "loss": 4.7488, "minade1": 9.2046, "minade6": 0.8204, "goal_error": 7.4617}
{"step": 13500, "loss": 4.7382, "minade1": 9.2114, "minade6": 0.82, "goal_error": 7.4411}
{"step": 14000, "loss": 4.7337, "minade1": 9.1987, "minade6": 0.8212, "goal_error": 7.4294}
{"step": 14500, "loss": 4.7412, "minade1": 9.1784, "minade6": 0.8223, "goal_error": 7.4415}
{"step": 15000, "loss": 4.7403, "minade1": 9.1728, "minade6": 0.8227, "goal_error": 7.4388}
{"step": 15500, "loss": 4.7346, "minade1": 9.1674, "minade6": 0.8224, "goal_error": 7.428}
{"step": 16000, "loss": 4.7369, "minade1": 9.2043, "minade6": 0.8241, "goal_error": 7.429}
{"step": 16500, "loss": 4.7297, "minade1": 9.2171, "minade6": 0.8238, "goal_error": 7.4155}
{"step": 17000, "loss": 4.7411, "minade1": 9.2098, "minade6": 0.8244, "goal_error": 7.4365}
{"step": 17500, "loss": 4.7307, "minade1": 9.1934, "minade6": 0.8239, "goal_error": 7.4169}
{"epoch": 14, "train_loss": 4.7336308562823906, "train_minade1": 9.194195085453426, "train_minade6": 0.8244344158253057, "train_goal_error": 7.421566729260593, "train_steps": 17622, "train_seconds": 1174.3944945335388, "val_loss": 5.468649390492929, "val_minade1": 8.417618638248351, "val_minade6": 0.8980756061318056, "val_goal_error": 8.725047303306875, "val_steps": 1869, "val_seconds": 119.25616645812988}
{"step": 500, "loss": 4.5228, "minade1": 8.2215, "minade6": 0.8029, "goal_error": 7.0316}
{"step": 1000, "loss": 4.5143, "minade1": 8.7565, "minade6": 0.825, "goal_error": 6.9816}
{"step": 1500, "loss": 4.4688, "minade1": 8.9462, "minade6": 0.8165, "goal_error": 6.9078}
{"step": 2000, "loss": 4.5565, "minade1": 8.9176, "minade6": 0.821, "goal_error": 7.0721}
{"step": 2500, "loss": 4.5858, "minade1": 8.966, "minade6": 0.8208, "goal_error": 7.1318}
{"step": 3000, "loss": 4.5713, "minade1": 9.0635, "minade6": 0.8208, "goal_error": 7.1029}
{"step": 3500, "loss": 4.5601, "minade1": 9.0012, "minade6": 0.8154, "goal_error": 7.0911}
{"step": 4000, "loss": 4.5732, "minade1": 8.9485, "minade6": 0.813, "goal_error": 7.1222}
{"step": 4500, "loss": 4.574, "minade1": 8.9072, "minade6": 0.8134, "goal_error": 7.1227}
{"step": 5000, "loss": 4.5608, "minade1": 8.8959, "minade6": 0.8147, "goal_error": 7.0939}
{"step": 5500, "loss": 4.6013, "minade1": 8.8554, "minade6": 0.8128, "goal_error": 7.1787}
{"step": 6000, "loss": 4.6255, "minade1": 8.8682, "minade6": 0.8138, "goal_error": 7.2244}
{"step": 6500, "loss": 4.639, "minade1": 8.8812, "minade6": 0.814, "goal_error": 7.2509}
{"step": 7000, "loss": 4.6501, "minade1": 8.8776, "minade6": 0.8127, "goal_error": 7.2767}
{"step": 7500, "loss": 4.6717, "minade1": 8.8756, "minade6": 0.8139, "goal_error": 7.3167}
{"step": 8000, "loss": 4.6869, "minade1": 8.8953, "minade6": 0.8156, "goal_error": 7.3434}
{"step": 8500, "loss": 4.6789, "minade1": 8.9176, "minade6": 0.8155, "goal_error": 7.3271}
{"step": 9000, "loss": 4.6951, "minade1": 8.971, "minade6": 0.8157, "goal_error": 7.3597}
{"step": 9500, "loss": 4.7075, "minade1": 8.9631, "minade6": 0.8138, "goal_error": 7.3889}
{"step": 10000, "loss": 4.7097, "minade1": 8.9642, "minade6": 0.8139, "goal_error": 7.3924}
{"step": 10500, "loss": 4.7138, "minade1": 8.9883, "minade6": 0.8133, "goal_error": 7.4022}
{"step": 11000, "loss": 4.7077, "minade1": 8.9755, "minade6": 0.8136, "goal_error": 7.3902}
{"step": 11500, "loss": 4.6921, "minade1": 8.9904, "minade6": 0.8113, "goal_error": 7.3648}
{"step": 12000, "loss": 4.6987, "minade1": 9.0257, "minade6": 0.8111, "goal_error": 7.3782}
{"step": 12500, "loss": 4.7103, "minade1": 9.0363, "minade6": 0.8116, "goal_error": 7.4006}
{"step": 13000, "loss": 4.7038, "minade1": 9.0332, "minade6": 0.8111, "goal_error": 7.3889}
{"step": 13500, "loss": 4.7056, "minade1": 9.0346, "minade6": 0.8136, "goal_error": 7.3872}
{"step": 14000, "loss": 4.7074, "minade1": 9.0321, "minade6": 0.8139, "goal_error": 7.3903}
{"step": 14500, "loss": 4.7125, "minade1": 9.0718, "minade6": 0.8152, "goal_error": 7.398}
{"step": 15000, "loss": 4.7093, "minade1": 9.0917, "minade6": 0.8144, "goal_error": 7.3935}
{"step": 15500, "loss": 4.7221, "minade1": 9.0901, "minade6": 0.8152, "goal_error": 7.4173}
{"step": 16000, "loss": 4.7165, "minade1": 9.0862, "minade6": 0.814, "goal_error": 7.4082}
{"step": 16500, "loss": 4.7186, "minade1": 9.0892, "minade6": 0.8138, "goal_error": 7.4131}
{"step": 17000, "loss": 4.7251, "minade1": 9.0967, "minade6": 0.814, "goal_error": 7.4258}
{"step": 17500, "loss": 4.7169, "minade1": 9.0985, "minade6": 0.8143, "goal_error": 7.4087}
{"epoch": 15, "train_loss": 4.716078257779414, "train_minade1": 9.103523821316866, "train_minade6": 0.8140402222903679, "train_goal_error": 7.407470550736927, "train_steps": 17621, "train_seconds": 1173.3471603393555, "val_loss": 5.423039692251232, "val_minade1": 9.035314448955162, "val_minade6": 0.9017352357989107, "val_goal_error": 8.624772950711895, "val_steps": 1869, "val_seconds": 119.92059755325317}
{"step": 500, "loss": 4.7941, "minade1": 9.6259, "minade6": 0.8322, "goal_error": 7.5307}
{"step": 1000, "loss": 4.6537, "minade1": 9.2006, "minade6": 0.8034, "goal_error": 7.3074}
{"step": 1500, "loss": 4.7014, "minade1": 9.0699, "minade6": 0.8103, "goal_error": 7.3842}
{"step": 2000, "loss": 4.7574, "minade1": 8.9715, "minade6": 0.8104, "goal_error": 7.4936}
{"step": 2500, "loss": 4.7236, "minade1": 8.85, "minade6": 0.8028, "goal_error": 7.4391}
{"step": 3000, "loss": 4.6976, "minade1": 8.861, "minade6": 0.8009, "goal_error": 7.3929}
{"step": 3500, "loss": 4.7336, "minade1": 8.939, "minade6": 0.7995, "goal_error": 7.4676}
{"step": 4000, "loss": 4.7254, "minade1": 8.9494, "minade6": 0.8027, "goal_error": 7.4441}
{"step": 4500, "loss": 4.7773, "minade1": 8.9588, "minade6": 0.8047, "goal_error": 7.543}
{"step": 5000, "loss": 4.7843, "minade1": 8.9734, "minade6": 0.8082, "goal_error": 7.5493}
{"step": 5500, "loss": 4.7804, "minade1": 9.0329, "minade6": 0.8065, "goal_error": 7.546}
{"step": 6000, "loss": 4.8008, "minade1": 8.9965, "minade6": 0.8036, "goal_error": 7.5934}
{"step": 6500, "loss": 4.8209, "minade1": 8.9833, "minade6": 0.8067, "goal_error": 7.6268}
{"step": 7000, "loss": 4.828, "minade1": 8.9869, "minade6": 0.807, "goal_error": 7.6408}
{"step": 7500, "loss": 4.7993, "minade1": 8.9959, "minade6": 0.8067, "goal_error": 7.5842}
{"step": 8000, "loss": 4.7957, "minade1": 8.9672, "minade6": 0.8071, "goal_error": 7.5761}
{"step": 8500, "loss": 4.8127, "minade1": 8.961, "minade6": 0.8073, "goal_error": 7.609}
{"step": 9000, "loss": 4.8112, "minade1": 8.9758, "minade6": 0.8076, "goal_error": 7.6064}
{"step": 9500, "loss": 4.8082, "minade1": 8.9633, "minade6": 0.8071, "goal_error": 7.6012}
{"step": 10000, "loss": 4.8098, "minade1": 8.9612, "minade6": 0.8072, "goal_error": 7.6044}
{"step": 10500, "loss": 4.8012, "minade1": 8.9682, "minade6": 0.8062, "goal_error": 7.5896}
{"step": 11000, "loss": 4.7859, "minade1": 8.9642, "minade6": 0.8071, "goal_error": 7.5571}
{"step": 11500, "loss": 4.7639, "minade1": 8.9819, "minade6": 0.8066, "goal_error": 7.5143}
{"step": 12000, "loss": 4.7755, "minade1": 8.9716, "minade6": 0.8089, "goal_error": 7.5324}
{"step": 12500, "loss": 4.7596, "minade1": 8.9599, "minade6": 0.8078, "goal_error": 7.503}
{"step": 13000, "loss": 4.7543, "minade1": 8.9394, "minade6": 0.8069, "goal_error": 7.4936}
{"step": 13500, "loss": 4.7512, "minade1": 8.9215, "minade6": 0.8062, "goal_error": 7.4889}
{"step": 14000, "loss": 4.7417, "minade1": 8.8982, "minade6": 0.8057, "goal_error": 7.4709}
{"step": 14500, "loss": 4.732, "minade1": 8.8953, "minade6": 0.8054, "goal_error": 7.4525}
{"step": 15000, "loss": 4.7261, "minade1": 8.8879, "minade6": 0.8064, "goal_error": 7.4388}
{"step": 15500, "loss": 4.7112, "minade1": 8.8981, "minade6": 0.8061, "goal_error": 7.4096}
{"step": 16000, "loss": 4.7058, "minade1": 8.8987, "minade6": 0.8065, "goal_error": 7.3979}
{"step": 16500, "loss": 4.6992, "minade1": 8.9159, "minade6": 0.8069, "goal_error": 7.3838}
{"step": 17000, "loss": 4.6951, "minade1": 8.9249, "minade6": 0.8066, "goal_error": 7.3763}
{"step": 17500, "loss": 4.7033, "minade1": 8.9236, "minade6": 0.8076, "goal_error": 7.39}
{"epoch": 16, "train_loss": 4.704206466488773, "train_minade1": 8.921080507102126, "train_minade6": 0.8076247245180287, "train_goal_error": 7.391825722243614, "train_steps": 17622, "train_seconds": 1173.0897898674011, "val_loss": 5.500464861591657, "val_minade1": 8.119915119845196, "val_minade6": 0.8775842164544944, "val_goal_error": 8.82058512369134, "val_steps": 1869, "val_seconds": 120.23817133903503}
{"step": 500, "loss": 4.3086, "minade1": 8.7262, "minade6": 0.8119, "goal_error": 6.5886}
{"step": 1000, "loss": 4.6263, "minade1": 8.501, "minade6": 0.8134, "goal_error": 7.222}
{"step": 1500, "loss": 4.6157, "minade1": 8.4281, "minade6": 0.816, "goal_error": 7.1955}
{"step": 2000, "loss": 4.6505, "minade1": 8.3135, "minade6": 0.8197, "goal_error": 7.2533}
{"step": 2500, "loss": 4.6579, "minade1": 8.4024, "minade6": 0.8136, "goal_error": 7.2788}
{"step": 3000, "loss": 4.704, "minade1": 8.5024, "minade6": 0.8121, "goal_error": 7.3749}
{"step": 3500, "loss": 4.6867, "minade1": 8.6075, "minade6": 0.812, "goal_error": 7.3427}
{"step": 4000, "loss": 4.6562, "minade1": 8.6771, "minade6": 0.811, "goal_error": 7.2839}
{"step": 4500, "loss": 4.6404, "minade1": 8.7043, "minade6": 0.8115, "goal_error": 7.2503}
{"step": 5000, "loss": 4.6142, "minade1": 8.7089, "minade6": 0.8098, "goal_error": 7.2021}
{"step": 5500, "loss": 4.6126, "minade1": 8.6881, "minade6": 0.8087, "goal_error": 7.2015}
{"step": 6000, "loss": 4.6194, "minade1": 8.7054, "minade6": 0.8113, "goal_error": 7.2097}
{"step": 6500, "loss": 4.6411, "minade1": 8.6859, "minade6": 0.8106, "goal_error": 7.2541}
{"step": 7000, "loss": 4.638, "minade1": 8.6905, "minade6": 0.8072, "goal_error": 7.2553}
{"step": 7500, "loss": 4.6374, "minade1": 8.6773, "minade6": 0.8077, "goal_error": 7.2536}
{"step": 8000, "loss": 4.6631, "minade1": 8.6899, "minade6": 0.8093, "goal_error": 7.3012}
{"step": 8500, "loss": 4.6587, "minade1": 8.6988, "minade6": 0.8062, "goal_error": 7.2992}
{"step": 9000, "loss": 4.6544, "minade1": 8.743, "minade6": 0.8055, "goal_error": 7.2925}
{"step": 9500, "loss": 4.6723, "minade1": 8.7454, "minade6": 0.8061, "goal_error": 7.3261}
{"step": 10000, "loss": 4.6748, "minade1": 8.7455, "minade6": 0.8059, "goal_error": 7.332}
{"step": 10500, "loss": 4.6661, "minade1": 8.7581, "minade6": 0.8057, "goal_error": 7.3152}
{"step": 11000, "loss": 4.6595, "minade1": 8.7379, "minade6": 0.8045, "goal_error": 7.3047}
{"step": 11500, "loss": 4.653, "minade1": 8.7442, "minade6": 0.8039, "goal_error": 7.2933}
{"step": 12000, "loss": 4.6476, "minade1": 8.7562, "minade6": 0.8039, "goal_error": 7.2835}
{"step": 12500, "loss": 4.6437, "minade1": 8.7598, "minade6": 0.8026, "goal_error": 7.2785}
{"step": 13000, "loss": 4.6478, "minade1": 8.7555, "minade6": 0.8022, "goal_error": 7.2878}
{"step": 13500, "loss": 4.6529, "minade1": 8.7784, "minade6": 0.8018, "goal_error": 7.2991}
{"step": 14000, "loss": 4.6609, "minade1": 8.7746, "minade6": 0.8013, "goal_error": 7.3166}
{"step": 14500, "loss": 4.6674, "minade1": 8.7899, "minade6": 0.8014, "goal_error": 7.3296}
{"step": 15000, "loss": 4.6642, "minade1": 8.786, "minade6": 0.8015, "goal_error": 7.3231}
{"step": 15500, "loss": 4.6629, "minade1": 8.7668, "minade6": 0.8008, "goal_error": 7.3215}
{"step": 16000, "loss": 4.6666, "minade1": 8.7715, "minade6": 0.8021, "goal_error": 7.3263}
{"step": 16500, "loss": 4.6691, "minade1": 8.74, "minade6": 0.8006, "goal_error": 7.3342}
{"step": 17000, "loss": 4.6816, "minade1": 8.7475, "minade6": 0.8016, "goal_error": 7.3569}
{"step": 17500, "loss": 4.6806, "minade1": 8.7336, "minade6": 0.8018, "goal_error": 7.3541}
{"epoch": 17, "train_loss": 4.679796755981897, "train_minade1": 8.729809142027658, "train_minade6": 0.8019660940735639, "train_goal_error": 7.352067470188832, "train_steps": 17622, "train_seconds": 1172.2670786380768, "val_loss": 5.374664924729869, "val_minade1": 7.9442144740131715, "val_minade6": 0.8994927945486512, "val_goal_error": 8.525840705032413, "val_steps": 1869, "val_seconds": 118.81986618041992}
{"step": 500, "loss": 5.0349, "minade1": 8.5601, "minade6": 0.8111, "goal_error": 8.0425}
{"step": 1000, "loss": 4.6207, "minade1": 8.4991, "minade6": 0.8033, "goal_error": 7.2382}
{"step": 1500, "loss": 4.5471, "minade1": 8.5227, "minade6": 0.7947, "goal_error": 7.1114}
{"step": 2000, "loss": 4.5654, "minade1": 8.5802, "minade6": 0.7935, "goal_error": 7.15}
{"step": 2500, "loss": 4.6392, "minade1": 8.6053, "minade6": 0.7939, "goal_error": 7.2971}
{"step": 3000, "loss": 4.7059, "minade1": 8.6456, "minade6": 0.7961, "goal_error": 7.4245}
{"step": 3500, "loss": 4.7078, "minade1": 8.6654, "minade6": 0.7954, "goal_error": 7.4265}
{"step": 4000, "loss": 4.7072, "minade1": 8.7144, "minade6": 0.8019, "goal_error": 7.4094}
{"step": 4500, "loss": 4.6592, "minade1": 8.7691, "minade6": 0.8025, "goal_error": 7.3116}
{"step": 5000, "loss": 4.6625, "minade1": 8.7053, "minade6": 0.8014, "goal_error": 7.3204}
{"step": 5500, "loss": 4.6644, "minade1": 8.7609, "minade6": 0.7976, "goal_error": 7.3333}
{"step": 6000, "loss": 4.6582, "minade1": 8.7569, "minade6": 0.7976, "goal_error": 7.3208}
{"step": 6500, "loss": 4.6744, "minade1": 8.78, "minade6": 0.7962, "goal_error": 7.3566}
{"step": 7000, "loss": 4.6779, "minade1": 8.7424, "minade6": 0.7946, "goal_error": 7.3662}
{"step": 7500, "loss": 4.6687, "minade1": 8.7193, "minade6": 0.7956, "goal_error": 7.3455}
{"step": 8000, "loss": 4.6597, "minade1": 8.729, "minade6": 0.7965, "goal_error": 7.3253}
{"step": 8500, "loss": 4.6547, "minade1": 8.7326, "minade6": 0.7956, "goal_error": 7.3178}
{"step": 9000, "loss": 4.6607, "minade1": 8.7349, "minade6": 0.7945, "goal_error": 7.3319}
{"step": 9500, "loss": 4.6665, "minade1": 8.7299, "minade6": 0.7943, "goal_error": 7.3438}
{"step": 10000, "loss": 4.6701, "minade1": 8.7261, "minade6": 0.7954, "goal_error": 7.3482}
{"step": 10500, "loss": 4.6762, "minade1": 8.761, "minade6": 0.7959, "goal_error": 7.3588}
{"step": 11000, "loss": 4.668, "minade1": 8.7776, "minade6": 0.7967, "goal_error": 7.3416}
{"step": 11500, "loss": 4.6806, "minade1": 8.7657, "minade6": 0.7976, "goal_error": 7.3653}
{"step": 12000, "loss": 4.6794, "minade1": 8.7629, "minade6": 0.7969, "goal_error": 7.3642}
{"step": 12500, "loss": 4.6804, "minade1": 8.7757, "minade6": 0.796, "goal_error": 7.3679}
{"step": 13000, "loss": 4.6671, "minade1": 8.7612, "minade6": 0.7948, "goal_error": 7.3438}
{"step": 13500, "loss": 4.6715, "minade1": 8.7504, "minade6": 0.7942, "goal_error": 7.3538}
{"step": 14000, "loss": 4.6692, "minade1": 8.7373, "minade6": 0.7951, "goal_error": 7.3471}
{"step": 14500, "loss": 4.664, "minade1": 8.7396, "minade6": 0.795, "goal_error": 7.3366}
{"step": 15000, "loss": 4.6646, "minade1": 8.7382, "minade6": 0.794, "goal_error": 7.3397}
{"step": 15500, "loss": 4.6692, "minade1": 8.7343, "minade6": 0.7943, "goal_error": 7.3478}
{"step": 16000, "loss": 4.6621, "minade1": 8.752, "minade6": 0.7944, "goal_error": 7.3335}
{"step": 16500, "loss": 4.672, "minade1": 8.7462, "minade6": 0.7957, "goal_error": 7.3506}
{"step": 17000, "loss": 4.6722, "minade1": 8.7384, "minade6": 0.7956, "goal_error": 7.3512}
{"step": 17500, "loss": 4.6758, "minade1": 8.7384, "minade6": 0.796, "goal_error": 7.3575}
{"epoch": 18, "train_loss": 4.67552000147842, "train_minade1": 8.737809803940195, "train_minade6": 0.7961808175270088, "train_goal_error": 7.356490498286063, "train_steps": 17622, "train_seconds": 1169.1277322769165, "val_loss": 5.240409817070232, "val_minade1": 9.854815742177335, "val_minade6": 0.888035870796501, "val_goal_error": 8.292614087824191, "val_steps": 1869, "val_seconds": 119.69449472427368}
{"step": 500, "loss": 4.5164, "minade1": 9.0169, "minade6": 0.7887, "goal_error": 7.0562}
{"step": 1000, "loss": 4.5328, "minade1": 8.7452, "minade6": 0.7716, "goal_error": 7.1226}
{"step": 1500, "loss": 4.4786, "minade1": 8.7368, "minade6": 0.7745, "goal_error": 7.0132}
{"step": 2000, "loss": 4.4868, "minade1": 8.6972, "minade6": 0.7736, "goal_error": 7.0323}
{"step": 2500, "loss": 4.4568, "minade1": 8.5336, "minade6": 0.7786, "goal_error": 6.9604}
{"step": 3000, "loss": 4.5478, "minade1": 8.566, "minade6": 0.788, "goal_error": 7.1207}
{"step": 3500, "loss": 4.6498, "minade1": 8.5503, "minade6": 0.7903, "goal_error": 7.3181}
{"step": 4000, "loss": 4.6847, "minade1": 8.5572, "minade6": 0.7898, "goal_error": 7.3893}
{"step": 4500, "loss": 4.6631, "minade1": 8.5673, "minade6": 0.789, "goal_error": 7.347}
{"step": 5000, "loss": 4.6678, "minade1": 8.5613, "minade6": 0.7898, "goal_error": 7.354}
{"step": 5500, "loss": 4.6528, "minade1": 8.5514, "minade6": 0.7893, "goal_error": 7.3243}
{"step": 6000, "loss": 4.6612, "minade1": 8.4809, "minade6": 0.7922, "goal_error": 7.3344}
{"step": 6500, "loss": 4.6662, "minade1": 8.4383, "minade6": 0.794, "goal_error": 7.3402}
{"step": 7000, "loss": 4.6646, "minade1": 8.4056, "minade6": 0.7931, "goal_error": 7.3388}
{"step": 7500, "loss": 4.6582, "minade1": 8.3896, "minade6": 0.7933, "goal_error": 7.3267}
{"step": 8000, "loss": 4.6458, "minade1": 8.3724, "minade6": 0.7922, "goal_error": 7.304}
{"step": 8500, "loss": 4.6411, "minade1": 8.3524, "minade6": 0.7917, "goal_error": 7.2951}
{"step": 9000, "loss": 4.6302, "minade1": 8.3815, "minade6": 0.7929, "goal_error": 7.2706}
{"step": 9500, "loss": 4.6295, "minade1": 8.4172, "minade6": 0.7918, "goal_error": 7.2719}
{"step": 10000, "loss": 4.6379, "minade1": 8.4047, "minade6": 0.7914, "goal_error": 7.289}
{"step": 10500, "loss": 4.6389, "minade1": 8.4021, "minade6": 0.7915, "goal_error": 7.2906}
{"step": 11000, "loss": 4.6323, "minade1": 8.4281, "minade6": 0.7923, "goal_error": 7.2754}
{"step": 11500, "loss": 4.6303, "minade1": 8.4321, "minade6": 0.7925, "goal_error": 7.2716}
{"step": 12000, "loss": 4.6298, "minade1": 8.4635, "minade6": 0.7922, "goal_error": 7.2713}
{"step": 12500, "loss": 4.6106, "minade1": 8.4848, "minade6": 0.7912, "goal_error": 7.2349}
{"step": 13000, "loss": 4.6178, "minade1": 8.5044, "minade6": 0.7908, "goal_error": 7.2499}
{"step": 13500, "loss": 4.6187, "minade1": 8.5139, "minade6": 0.7906, "goal_error": 7.2518}
{"step": 14000, "loss": 4.6178, "minade1": 8.5189, "minade6": 0.7903, "goal_error": 7.2506}
{"step": 14500, "loss": 4.629, "minade1": 8.548, "minade6": 0.7902, "goal_error": 7.273}
{"step": 15000, "loss": 4.6395, "minade1": 8.5654, "minade6": 0.7911, "goal_error": 7.2916}
{"step": 15500, "loss": 4.6324, "minade1": 8.5746, "minade6": 0.7901, "goal_error": 7.2791}
{"step": 16000, "loss": 4.6404, "minade1": 8.5717, "minade6": 0.7911, "goal_error": 7.2929}
{"step": 16500, "loss": 4.6428, "minade1": 8.5798, "minade6": 0.7912, "goal_error": 7.2976}
{"step": 17000, "loss": 4.6448, "minade1": 8.5942, "minade6": 0.7904, "goal_error": 7.3031}
{"step": 17500, "loss": 4.639, "minade1": 8.6278, "minade6": 0.7901, "goal_error": 7.2922}
{"epoch": 19, "train_loss": 4.639971149563806, "train_minade1": 8.631550190952332, "train_minade6": 0.7902218736386837, "train_goal_error": 7.294007005918132, "train_steps": 17622, "train_seconds": 1171.916846036911, "val_loss": 5.410487749308364, "val_minade1": 10.998538618868466, "val_minade6": 0.9854382238883491, "val_goal_error": 8.414507657154964, "val_steps": 1869, "val_seconds": 119.40141892433167}
{"step": 500, "loss": 4.8703, "minade1": 8.9927, "minade6": 0.8318, "goal_error": 7.6531}
{"step": 1000, "loss": 4.8399, "minade1": 8.8534, "minade6": 0.8139, "goal_error": 7.6324}
{"step": 1500, "loss": 4.7064, "minade1": 8.8632, "minade6": 0.7959, "goal_error": 7.4101}
{"step": 2000, "loss": 4.7514, "minade1": 8.8089, "minade6": 0.7933, "goal_error": 7.5068}
{"step": 2500, "loss": 4.7557, "minade1": 8.8498, "minade6": 0.7979, "goal_error": 7.5038}
{"step": 3000, "loss": 4.7622, "minade1": 8.8422, "minade6": 0.7988, "goal_error": 7.5168}
{"step": 3500, "loss": 4.7347, "minade1": 8.8201, "minade6": 0.7997, "goal_error": 7.4614}
{"step": 4000, "loss": 4.7453, "minade1": 8.8109, "minade6": 0.7981, "goal_error": 7.4873}
{"step": 4500, "loss": 4.7077, "minade1": 8.8123, "minade6": 0.7948, "goal_error": 7.4192}
{"step": 5000, "loss": 4.7076, "minade1": 8.8577, "minade6": 0.795, "goal_error": 7.4193}
{"step": 5500, "loss": 4.6753, "minade1": 8.8876, "minade6": 0.7928, "goal_error": 7.3594}
{"step": 6000, "loss": 4.6705, "minade1": 8.9251, "minade6": 0.7951, "goal_error": 7.3452}
{"step": 6500, "loss": 4.6718, "minade1": 8.9729, "minade6": 0.7935, "goal_error": 7.3526}
{"step": 7000, "loss": 4.6589, "minade1": 8.9971, "minade6": 0.7918, "goal_error": 7.3313}
{"step": 7500, "loss": 4.6494, "minade1": 8.9942, "minade6": 0.791, "goal_error": 7.3141}
{"step": 8000, "loss": 4.6291, "minade1": 8.9946, "minade6": 0.7914, "goal_error": 7.2727}
{"step": 8500, "loss": 4.6335, "minade1": 8.9439, "minade6": 0.7917, "goal_error": 7.2806}
{"step": 9000, "loss": 4.636, "minade1": 8.9132, "minade6": 0.7907, "goal_error": 7.2871}
{"step": 9500, "loss": 4.6245, "minade1": 8.879, "minade6": 0.7912, "goal_error": 7.2631}
{"step": 10000, "loss": 4.6076, "minade1": 8.8951, "minade6": 0.79, "goal_error": 7.232}
{"step": 10500, "loss": 4.6143, "minade1": 8.8823, "minade6": 0.7884, "goal_error": 7.2487}
{"step": 11000, "loss": 4.6032, "minade1": 8.8511, "minade6": 0.7878, "goal_error": 7.2283}
{"step": 11500, "loss": 4.5916, "minade1": 8.8592, "minade6": 0.7878, "goal_error": 7.2052}
{"step": 12000, "loss": 4.5969, "minade1": 8.8327, "minade6": 0.7874, "goal_error": 7.2165}
{"step": 12500, "loss": 4.6121, "minade1": 8.826, "minade6": 0.7867, "goal_error": 7.248}
{"step": 13000, "loss": 4.6318, "minade1": 8.8244, "minade6": 0.7878, "goal_error": 7.285}
{"step": 13500, "loss": 4.6146, "minade1": 8.8279, "minade6": 0.785, "goal_error": 7.2569}
{"step": 14000, "loss": 4.6221, "minade1": 8.8341, "minade6": 0.7854, "goal_error": 7.2716}
{"step": 14500, "loss": 4.6302, "minade1": 8.8199, "minade6": 0.7852, "goal_error": 7.288}
{"step": 15000, "loss": 4.6328, "minade1": 8.818, "minade6": 0.785, "goal_error": 7.2937}
{"step": 15500, "loss": 4.6322, "minade1": 8.8083, "minade6": 0.7839, "goal_error": 7.2951}
{"step": 16000, "loss": 4.6361, "minade1": 8.8081, "minade6": 0.7853, "goal_error": 7.2993}
{"step": 16500, "loss": 4.6374, "minade1": 8.797, "minade6": 0.7854, "goal_error": 7.3015}
{"step": 17000, "loss": 4.6526, "minade1": 8.8015, "minade6": 0.7861, "goal_error": 7.3301}
{"step": 17500, "loss": 4.6456, "minade1": 8.8046, "minade6": 0.7845, "goal_error": 7.3194}
{"epoch": 20, "train_loss": 4.645785381129402, "train_minade1": 8.800874684288829, "train_minade6": 0.7843239044202144, "train_goal_error": 7.31998787902077, "train_steps": 17622, "train_seconds": 1171.4881842136383, "val_loss": 5.211944532456597, "val_minade1": 8.917427044618952, "val_minade6": 0.8690030465611103, "val_goal_error": 8.273653930479659, "val_steps": 1869, "val_seconds": 119.61843490600586}
{"step": 500, "loss": 4.9212, "minade1": 8.4193, "minade6": 0.7673, "goal_error": 7.9003}
{"step": 1000, "loss": 4.9733, "minade1": 8.4232, "minade6": 0.7918, "goal_error": 7.9553}
{"step": 1500, "loss": 4.7917, "minade1": 8.6269, "minade6": 0.7936, "goal_error": 7.5894}
{"step": 2000, "loss": 4.8747, "minade1": 8.7776, "minade6": 0.8, "goal_error": 7.7392}
{"step": 2500, "loss": 4.7979, "minade1": 8.8166, "minade6": 0.7999, "goal_error": 7.5855}
{"step": 3000, "loss": 4.7365, "minade1": 8.791, "minade6": 0.7921, "goal_error": 7.4822}
{"step": 3500, "loss": 4.7228, "minade1": 8.8229, "minade6": 0.7877, "goal_error": 7.4655}
{"step": 4000, "loss": 4.6798, "minade1": 8.9025, "minade6": 0.7852, "goal_error": 7.3875}
{"step": 4500, "loss": 4.6529, "minade1": 8.908, "minade6": 0.7853, "goal_error": 7.3331}
{"step": 5000, "loss": 4.6327, "minade1": 8.9623, "minade6": 0.7868, "goal_error": 7.2898}
{"step": 5500, "loss": 4.6125, "minade1": 8.935, "minade6": 0.7864, "goal_error": 7.2501}
{"step": 6000, "loss": 4.6207, "minade1": 8.9352, "minade6": 0.7845, "goal_error": 7.2699}
{"step": 6500, "loss": 4.6218, "minade1": 8.9307, "minade6": 0.783, "goal_error": 7.2753}
{"step": 7000, "loss": 4.6407, "minade1": 8.8912, "minade6": 0.7835, "goal_error": 7.311}
{"step": 7500, "loss": 4.6467, "minade1": 8.8762, "minade6": 0.7824, "goal_error": 7.3249}
{"step": 8000, "loss": 4.64, "minade1": 8.8581, "minade6": 0.7807, "goal_error": 7.3156}
{"step": 8500, "loss": 4.6202, "minade1": 8.8617, "minade6": 0.7796, "goal_error": 7.2786}
{"step": 9000, "loss": 4.6171, "minade1": 8.8494, "minade6": 0.7786, "goal_error": 7.2741}
{"step": 9500, "loss": 4.6285, "minade1": 8.8343, "minade6": 0.7801, "goal_error": 7.2933}
{"step": 10000, "loss": 4.6392, "minade1": 8.8351, "minade6": 0.7805, "goal_error": 7.3137}
{"step": 10500, "loss": 4.6455, "minade1": 8.82, "minade6": 0.7811, "goal_error": 7.325}
{"step": 11000, "loss": 4.6562, "minade1": 8.8372, "minade6": 0.7818, "goal_error": 7.3447}
{"step": 11500, "loss": 4.6457, "minade1": 8.8156, "minade6": 0.781, "goal_error": 7.3257}
{"step": 12000, "loss": 4.6463, "minade1": 8.8248, "minade6": 0.7814, "goal_error": 7.3257}
{"step": 12500, "loss": 4.6387, "minade1": 8.8293, "minade6": 0.7814, "goal_error": 7.3106}
{"step": 13000, "loss": 4.6216, "minade1": 8.7949, "minade6": 0.7793, "goal_error": 7.281}
{"step": 13500, "loss": 4.6001, "minade1": 8.7826, "minade6": 0.7784, "goal_error": 7.24}
{"step": 14000, "loss": 4.594, "minade1": 8.7798, "minade6": 0.7775, "goal_error": 7.2297}
{"step": 14500, "loss": 4.6041, "minade1": 8.7866, "minade6": 0.7787, "goal_error": 7.2477}
{"step": 15000, "loss": 4.6085, "minade1": 8.7703, "minade6": 0.7797, "goal_error": 7.2546}
{"step": 15500, "loss": 4.6052, "minade1": 8.7724, "minade6": 0.7789, "goal_error": 7.2494}
{"step": 16000, "loss": 4.6087, "minade1": 8.7651, "minade6": 0.7786, "goal_error": 7.2567}
{"step": 16500, "loss": 4.5935, "minade1": 8.7443, "minade6": 0.7778, "goal_error": 7.2281}
{"step": 17000, "loss": 4.6015, "minade1": 8.7391, "minade6": 0.7778, "goal_error": 7.2437}
{"step": 17500, "loss": 4.6006, "minade1": 8.7463, "minade6": 0.7774, "goal_error": 7.2432}
{"epoch": 21, "train_loss": 4.600431731191231, "train_minade1": 8.743747742570308, "train_minade6": 0.7769648456949609, "train_goal_error": 7.243648688933476, "train_steps": 17622, "train_seconds": 1207.5011150836945, "val_loss": 5.224074692399091, "val_minade1": 9.464943898432136, "val_minade6": 0.8980555958485797, "val_goal_error": 8.231332109688442, "val_steps": 1869, "val_seconds": 125.67845797538757}
{"step": 500, "loss": 4.8644, "minade1": 8.0801, "minade6": 0.7897, "goal_error": 7.739}
{"step": 1000, "loss": 4.5246, "minade1": 8.2067, "minade6": 0.7672, "goal_error": 7.1066}
{"step": 1500, "loss": 4.5877, "minade1": 8.224, "minade6": 0.7679, "goal_error": 7.2333}
{"step": 2000, "loss": 4.5391, "minade1": 8.381, "minade6": 0.7633, "goal_error": 7.1472}
{"step": 2500, "loss": 4.5685, "minade1": 8.3491, "minade6": 0.7669, "goal_error": 7.1971}
{"step": 3000, "loss": 4.5177, "minade1": 8.4208, "minade6": 0.7729, "goal_error": 7.082}
{"step": 3500, "loss": 4.6132, "minade1": 8.4386, "minade6": 0.7737, "goal_error": 7.2702}
{"step": 4000, "loss": 4.593, "minade1": 8.4827, "minade6": 0.7719, "goal_error": 7.2335}
{"step": 4500, "loss": 4.5839, "minade1": 8.6288, "minade6": 0.7741, "goal_error": 7.213}
{"step": 5000, "loss": 4.6385, "minade1": 8.6342, "minade6": 0.7758, "goal_error": 7.3176}
{"step": 5500, "loss": 4.6242, "minade1": 8.6633, "minade6": 0.777, "goal_error": 7.2856}
{"step": 6000, "loss": 4.6157, "minade1": 8.6864, "minade6": 0.7772, "goal_error": 7.2687}
{"step": 6500, "loss": 4.6192, "minade1": 8.6652, "minade6": 0.7744, "goal_error": 7.2821}
{"step": 7000, "loss": 4.6211, "minade1": 8.6633, "minade6": 0.7747, "goal_error": 7.2851}
{"step": 7500, "loss": 4.6261, "minade1": 8.6342, "minade6": 0.7713, "goal_error": 7.3021}
{"step": 8000, "loss": 4.6075, "minade1": 8.6012, "minade6": 0.7724, "goal_error": 7.2621}
{"step": 8500, "loss": 4.6163, "minade1": 8.5659, "minade6": 0.7724, "goal_error": 7.2798}
{"step": 9000, "loss": 4.623, "minade1": 8.5586, "minade6": 0.7724, "goal_error": 7.2939}
{"step": 9500, "loss": 4.6104, "minade1": 8.5693, "minade6": 0.7719, "goal_error": 7.269}
{"step": 10000, "loss": 4.612, "minade1": 8.5754, "minade6": 0.7709, "goal_error": 7.2746}
{"step": 10500, "loss": 4.619, "minade1": 8.568, "minade6": 0.7718, "goal_error": 7.2864}
{"step": 11000, "loss": 4.613, "minade1": 8.5952, "minade6": 0.7717, "goal_error": 7.2751}
{"step": 11500, "loss": 4.6149, "minade1": 8.6095, "minade6": 0.772, "goal_error": 7.2788}
{"step": 12000, "loss": 4.6208, "minade1": 8.6097, "minade6": 0.7726, "goal_error": 7.2893}
{"step": 12500, "loss": 4.6359, "minade1": 8.6334, "minade6": 0.7736, "goal_error": 7.317}
{"step": 13000, "loss": 4.6304, "minade1": 8.6352, "minade6": 0.7737, "goal_error": 7.3057}
{"step": 13500, "loss": 4.6389, "minade1": 8.6258, "minade6": 0.7738, "goal_error": 7.3224}
{"step": 14000, "loss": 4.6221, "minade1": 8.6152, "minade6": 0.7723, "goal_error": 7.2921}
{"step": 14500, "loss": 4.6175, "minade1": 8.6393, "minade6": 0.7717, "goal_error": 7.2845}
{"step": 15000, "loss": 4.6095, "minade1": 8.6206, "minade6": 0.7718, "goal_error": 7.2684}
{"step": 15500, "loss": 4.6004, "minade1": 8.6216, "minade6": 0.7721, "goal_error": 7.2493}
{"step": 16000, "loss": 4.5989, "minade1": 8.6335, "minade6": 0.7719, "goal_error": 7.2468}
{"step": 16500, "loss": 4.6007, "minade1": 8.6595, "minade6": 0.7724, "goal_error": 7.2492}
{"step": 17000, "loss": 4.6061, "minade1": 8.6635, "minade6": 0.7732, "goal_error": 7.2578}
{"step": 17500, "loss": 4.605, "minade1": 8.6676, "minade6": 0.7728, "goal_error": 7.2562}
{"epoch": 22, "train_loss": 4.601785702584581, "train_minade1": 8.667119169503115, "train_minade6": 0.7726653855636034, "train_goal_error": 7.250212625539832, "train_steps": 17622, "train_seconds": 1222.6689012050629, "val_loss": 5.292398375631925, "val_minade1": 8.992428965336375, "val_minade6": 0.8513678082670078, "val_goal_error": 8.479089961317953, "val_steps": 1869, "val_seconds": 119.47475385665894}
{"step": 500, "loss": 4.7308, "minade1": 8.944, "minade6": 0.807, "goal_error": 7.4395}
{"step": 1000, "loss": 4.5412, "minade1": 8.8719, "minade6": 0.7779, "goal_error": 7.1253}
{"step": 1500, "loss": 4.4514, "minade1": 8.7767, "minade6": 0.7779, "goal_error": 6.9407}
{"step": 2000, "loss": 4.5163, "minade1": 8.813, "minade6": 0.7755, "goal_error": 7.0746}
{"step": 2500, "loss": 4.5548, "minade1": 8.8123, "minade6": 0.7747, "goal_error": 7.1526}
{"step": 3000, "loss": 4.5749, "minade1": 8.8674, "minade6": 0.7741, "goal_error": 7.1955}
{"step": 3500, "loss": 4.5846, "minade1": 8.7951, "minade6": 0.7752, "goal_error": 7.211}
{"step": 4000, "loss": 4.6439, "minade1": 8.8144, "minade6": 0.7774, "goal_error": 7.3253}
{"step": 4500, "loss": 4.5898, "minade1": 8.8541, "minade6": 0.7795, "goal_error": 7.2128}
{"step": 5000, "loss": 4.6125, "minade1": 8.8304, "minade6": 0.7799, "goal_error": 7.2563}
{"step": 5500, "loss": 4.5816, "minade1": 8.8266, "minade6": 0.778, "goal_error": 7.1988}
{"step": 6000, "loss": 4.5966, "minade1": 8.8189, "minade6": 0.7779, "goal_error": 7.2292}
{"step": 6500, "loss": 4.5974, "minade1": 8.825, "minade6": 0.7779, "goal_error": 7.231}
{"step": 7000, "loss": 4.567, "minade1": 8.8199, "minade6": 0.7726, "goal_error": 7.1822}
{"step": 7500, "loss": 4.5705, "minade1": 8.8096, "minade6": 0.7725, "goal_error": 7.1892}
{"step": 8000, "loss": 4.5829, "minade1": 8.7449, "minade6": 0.7697, "goal_error": 7.2197}
{"step": 8500, "loss": 4.5713, "minade1": 8.7574, "minade6": 0.7714, "goal_error": 7.1935}
{"step": 9000, "loss": 4.5686, "minade1": 8.7294, "minade6": 0.7721, "goal_error": 7.1862}
{"step": 9500, "loss": 4.5899, "minade1": 8.7329, "minade6": 0.7731, "goal_error": 7.2263}
{"step": 10000, "loss": 4.602, "minade1": 8.7187, "minade6": 0.7722, "goal_error": 7.2515}
{"step": 10500, "loss": 4.5963, "minade1": 8.7007, "minade6": 0.7712, "goal_error": 7.2419}
{"step": 11000, "loss": 4.5886, "minade1": 8.6735, "minade6": 0.7705, "goal_error": 7.2277}
{"step": 11500, "loss": 4.5872, "minade1": 8.6644, "minade6": 0.7698, "goal_error": 7.2265}
{"step": 12000, "loss": 4.6038, "minade1": 8.6643, "minade6": 0.7718, "goal_error": 7.2549}
{"step": 12500, "loss": 4.5874, "minade1": 8.6683, "minade6": 0.7709, "goal_error": 7.2243}
{"step": 13000, "loss": 4.5878, "minade1": 8.6763, "minade6": 0.7709, "goal_error": 7.2249}
{"step": 13500, "loss": 4.5811, "minade1": 8.6893, "minade6": 0.7704, "goal_error": 7.2132}
{"step": 14000, "loss": 4.5835, "minade1": 8.6716, "minade6": 0.7708, "goal_error": 7.2169}
{"step": 14500, "loss": 4.5855, "minade1": 8.6744, "minade6": 0.7707, "goal_error": 7.2209}
{"step": 15000, "loss": 4.5833, "minade1": 8.6989, "minade6": 0.7697, "goal_error": 7.2187}
{"step": 15500, "loss": 4.5888, "minade1": 8.6767, "minade6": 0.7698, "goal_error": 7.2293}
{"step": 16000, "loss": 4.5876, "minade1": 8.6681, "minade6": 0.7693, "goal_error": 7.2276}
{"step": 16500, "loss": 4.5878, "minade1": 8.6669, "minade6": 0.7686, "goal_error": 7.2299}
{"step": 17000, "loss": 4.5861, "minade1": 8.6601, "minade6": 0.7687, "goal_error": 7.2259}
{"step": 17500, "loss": 4.5981, "minade1": 8.6633, "minade6": 0.7688, "goal_error": 7.2495}
{"epoch": 23, "train_loss": 4.592166184432802, "train_minade1": 8.65668927743099, "train_minade6": 0.7685297919967269, "train_goal_error": 7.23826310396953, "train_steps": 17622, "train_seconds": 1168.644373178482, "val_loss": 5.430819508810456, "val_minade1": 7.261889961966223, "val_minade6": 0.8853039756285723, "val_goal_error": 8.644508660468485, "val_steps": 1869, "val_seconds": 119.66162347793579}
{"step": 500, "loss": 5.0024, "minade1": 8.2404, "minade6": 0.7688, "goal_error": 8.0464}
{"step": 1000, "loss": 4.7684, "minade1": 8.0439, "minade6": 0.7502, "goal_error": 7.6193}
{"step": 1500, "loss": 4.6592, "minade1": 8.2656, "minade6": 0.7511, "goal_error": 7.4064}
{"step": 2000, "loss": 4.6353, "minade1": 8.2348, "minade6": 0.7473, "goal_error": 7.3682}
{"step": 2500, "loss": 4.6075, "minade1": 8.1714, "minade6": 0.7496, "goal_error": 7.3084}
{"step": 3000, "loss": 4.6796, "minade1": 8.224, "minade6": 0.7555, "goal_error": 7.4398}
{"step": 3500, "loss": 4.6702, "minade1": 8.2503, "minade6": 0.759, "goal_error": 7.4138}
{"step": 4000, "loss": 4.6143, "minade1": 8.3542, "minade6": 0.7599, "goal_error": 7.3013}
{"step": 4500, "loss": 4.6427, "minade1": 8.3526, "minade6": 0.7599, "goal_error": 7.3584}
{"step": 5000, "loss": 4.6663, "minade1": 8.3647, "minade6": 0.7587, "goal_error": 7.4078}
{"step": 5500, "loss": 4.6464, "minade1": 8.3756, "minade6": 0.7591, "goal_error": 7.3667}
{"step": 6000, "loss": 4.6301, "minade1": 8.4085, "minade6": 0.7587, "goal_error": 7.3346}
{"step": 6500, "loss": 4.624, "minade1": 8.3612, "minade6": 0.7572, "goal_error": 7.3262}
{"step": 7000, "loss": 4.6402, "minade1": 8.3563, "minade6": 0.7587, "goal_error": 7.355}
{"step": 7500, "loss": 4.6406, "minade1": 8.3731, "minade6": 0.7596, "goal_error": 7.3538}
{"step": 8000, "loss": 4.6315, "minade1": 8.4327, "minade6": 0.7616, "goal_error": 7.332}
{"step": 8500, "loss": 4.6181, "minade1": 8.4291, "minade6": 0.7633, "goal_error": 7.3012}
{"step": 9000, "loss": 4.6309, "minade1": 8.4361, "minade6": 0.7632, "goal_error": 7.3271}
{"step": 9500, "loss": 4.6249, "minade1": 8.4163, "minade6": 0.7624, "goal_error": 7.317}
{"step": 10000, "loss": 4.6342, "minade1": 8.45, "minade6": 0.764, "goal_error": 7.3316}
{"step": 10500, "loss": 4.618, "minade1": 8.4467, "minade6": 0.7633, "goal_error": 7.3005}
{"step": 11000, "loss": 4.6215, "minade1": 8.4399, "minade6": 0.7632, "goal_error": 7.3077}
{"step": 11500, "loss": 4.6347, "minade1": 8.4368, "minade6": 0.7645, "goal_error": 7.3312}
{"step": 12000, "loss": 4.6218, "minade1": 8.4445, "minade6": 0.7647, "goal_error": 7.305}
{"step": 12500, "loss": 4.6178, "minade1": 8.4414, "minade6": 0.7639, "goal_error": 7.2982}
{"step": 13000, "loss": 4.6077, "minade1": 8.4492, "minade6": 0.7638, "goal_error": 7.2781}
{"step": 13500, "loss": 4.6149, "minade1": 8.4493, "minade6": 0.7658, "goal_error": 7.2883}
{"step": 14000, "loss": 4.5978, "minade1": 8.4579, "minade6": 0.7662, "goal_error": 7.2536}
{"step": 14500, "loss": 4.5968, "minade1": 8.4679, "minade6": 0.7654, "goal_error": 7.2532}
{"step": 15000, "loss": 4.5942, "minade1": 8.4693, "minade6": 0.7655, "goal_error": 7.2474}
{"step": 15500, "loss": 4.5921, "minade1": 8.4645, "minade6": 0.7654, "goal_error": 7.2429}
{"step": 16000, "loss": 4.5824, "minade1": 8.4666, "minade6": 0.7645, "goal_error": 7.2259}
{"step": 16500, "loss": 4.5784, "minade1": 8.4673, "minade6": 0.7652, "goal_error": 7.2159}
{"step": 17000, "loss": 4.5863, "minade1": 8.476, "minade6": 0.7647, "goal_error": 7.2328}
{"step": 17500, "loss": 4.5826, "minade1": 8.4879, "minade6": 0.7661, "goal_error": 7.2228}
{"epoch": 24, "train_loss": 4.585747823990977, "train_minade1": 8.487343189124013, "train_minade6": 0.7664827879479373, "train_goal_error": 7.2279661276498555, "train_steps": 17622, "train_seconds": 1168.7652678489685, "val_loss": 5.240201433651137, "val_minade1": 8.995459038156312, "val_minade6": 0.8702098641040301, "val_goal_error": 8.313393116410904, "val_steps": 1869, "val_seconds": 119.23166370391846}
{"step": 500, "loss": 4.3097, "minade1": 8.9801, "minade6": 0.7499, "goal_error": 6.7289}
{"step": 1000, "loss": 4.4521, "minade1": 9.2392, "minade6": 0.7576, "goal_error": 6.9988}
{"step": 1500, "loss": 4.5129, "minade1": 9.097, "minade6": 0.7511, "goal_error": 7.1309}
{"step": 2000, "loss": 4.6059, "minade1": 8.944, "minade6": 0.7458, "goal_error": 7.3244}
{"step": 2500, "loss": 4.5406, "minade1": 8.8136, "minade6": 0.7469, "goal_error": 7.1895}
{"step": 3000, "loss": 4.6012, "minade1": 8.7256, "minade6": 0.7539, "goal_error": 7.2938}
{"step": 3500, "loss": 4.606, "minade1": 8.7365, "minade6": 0.753, "goal_error": 7.3045}
{"step": 4000, "loss": 4.5924, "minade1": 8.6972, "minade6": 0.7578, "goal_error": 7.2665}
{"step": 4500, "loss": 4.6311, "minade1": 8.6052, "minade6": 0.761, "goal_error": 7.3364}
{"step": 5000, "loss": 4.616, "minade1": 8.6131, "minade6": 0.7609, "goal_error": 7.3058}
{"step": 5500, "loss": 4.619, "minade1": 8.5834, "minade6": 0.7583, "goal_error": 7.3165}
{"step": 6000, "loss": 4.5742, "minade1": 8.6196, "minade6": 0.7567, "goal_error": 7.2308}
{"step": 6500, "loss": 4.5651, "minade1": 8.6452, "minade6": 0.7563, "goal_error": 7.2142}
{"step": 7000, "loss": 4.5469, "minade1": 8.6252, "minade6": 0.7565, "goal_error": 7.1768}
{"step": 7500, "loss": 4.5452, "minade1": 8.5967, "minade6": 0.7586, "goal_error": 7.1687}
{"step": 8000, "loss": 4.555, "minade1": 8.604, "minade6": 0.7589, "goal_error": 7.1875}
{"step": 8500, "loss": 4.5679, "minade1": 8.5995, "minade6": 0.7591, "goal_error": 7.2125}
{"step": 9000, "loss": 4.566, "minade1": 8.6102, "minade6": 0.7578, "goal_error": 7.2115}
{"step": 9500, "loss": 4.5776, "minade1": 8.6127, "minade6": 0.7587, "goal_error": 7.2322}
{"step": 10000, "loss": 4.5854, "minade1": 8.6199, "minade6": 0.7601, "goal_error": 7.2446}
{"step": 10500, "loss": 4.5669, "minade1": 8.6135, "minade6": 0.7588, "goal_error": 7.2106}
{"step": 11000, "loss": 4.5696, "minade1": 8.614, "minade6": 0.7605, "goal_error": 7.2126}
{"step": 11500, "loss": 4.5575, "minade1": 8.6388, "minade6": 0.7607, "goal_error": 7.1884}
{"step": 12000, "loss": 4.5581, "minade1": 8.6387, "minade6": 0.7605, "goal_error": 7.1902}
{"step": 12500, "loss": 4.558, "minade1": 8.6361, "minade6": 0.7609, "goal_error": 7.1892}
{"step": 13000, "loss": 4.5448, "minade1": 8.6264, "minade6": 0.7596, "goal_error": 7.1651}
{"step": 13500, "loss": 4.5449, "minade1": 8.607, "minade6": 0.7596, "goal_error": 7.1654}
{"step": 14000, "loss": 4.5415, "minade1": 8.5832, "minade6": 0.7595, "goal_error": 7.1586}
{"step": 14500, "loss": 4.5474, "minade1": 8.5856, "minade6": 0.7613, "goal_error": 7.1665}
{"step": 15000, "loss": 4.5283, "minade1": 8.5631, "minade6": 0.7614, "goal_error": 7.1275}
{"step": 15500, "loss": 4.5447, "minade1": 8.5631, "minade6": 0.7614, "goal_error": 7.1605}
{"step": 16000, "loss": 4.5344, "minade1": 8.5681, "minade6": 0.761, "goal_error": 7.1407}
{"step": 16500, "loss": 4.5394, "minade1": 8.5721, "minade6": 0.7606, "goal_error": 7.1511}
{"step": 17000, "loss": 4.5353, "minade1": 8.5746, "minade6": 0.7603, "goal_error": 7.1436}
{"step": 17500, "loss": 4.5411, "minade1": 8.5563, "minade6": 0.76, "goal_error": 7.1557}
{"epoch": 25, "train_loss": 4.541875277850204, "train_minade1": 8.554589526882753, "train_minade6": 0.7597745031094293, "train_goal_error": 7.157778211668787, "train_steps": 17622, "train_seconds": 1167.853108882904, "val_loss": 5.629895339024823, "val_minade1": 7.286613231039481, "val_minade6": 1.0493301852776158, "val_goal_error": 8.715814635900053, "val_steps": 1869, "val_seconds": 118.66346573829651}
{"step": 500, "loss": 4.6341, "minade1": 7.9497, "minade6": 0.7645, "goal_error": 7.3119}
{"step": 1000, "loss": 4.5229, "minade1": 7.9973, "minade6": 0.7509, "goal_error": 7.1229}
{"step": 1500, "loss": 4.3851, "minade1": 8.0665, "minade6": 0.7385, "goal_error": 6.8807}
{"step": 2000, "loss": 4.3553, "minade1": 8.1357, "minade6": 0.7408, "goal_error": 6.8186}
{"step": 2500, "loss": 4.4378, "minade1": 8.1638, "minade6": 0.7494, "goal_error": 6.9655}
{"step": 3000, "loss": 4.5211, "minade1": 8.2556, "minade6": 0.756, "goal_error": 7.1192}
{"step": 3500, "loss": 4.4647, "minade1": 8.2198, "minade6": 0.7513, "goal_error": 7.0172}
{"step": 4000, "loss": 4.4873, "minade1": 8.188, "minade6": 0.751, "goal_error": 7.0652}
{"step": 4500, "loss": 4.5329, "minade1": 8.2649, "minade6": 0.7544, "goal_error": 7.148}
{"step": 5000, "loss": 4.5079, "minade1": 8.2511, "minade6": 0.7532, "goal_error": 7.1015}
{"step": 5500, "loss": 4.4815, "minade1": 8.2157, "minade6": 0.7527, "goal_error": 7.0497}
{"step": 6000, "loss": 4.5023, "minade1": 8.2568, "minade6": 0.7556, "goal_error": 7.0859}
{"step": 6500, "loss": 4.4887, "minade1": 8.2896, "minade6": 0.7568, "goal_error": 7.0567}
{"step": 7000, "loss": 4.5028, "minade1": 8.2959, "minade6": 0.7566, "goal_error": 7.0864}
{"step": 7500, "loss": 4.5067, "minade1": 8.3224, "minade6": 0.7566, "goal_error": 7.0942}
{"step": 8000, "loss": 4.5153, "minade1": 8.3004, "minade6": 0.7574, "goal_error": 7.1086}
{"step": 8500, "loss": 4.5242, "minade1": 8.2669, "minade6": 0.7555, "goal_error": 7.1299}
{"step": 9000, "loss": 4.5346, "minade1": 8.2633, "minade6": 0.7558, "goal_error": 7.1493}
{"step": 9500, "loss": 4.5517, "minade1": 8.2664, "minade6": 0.7576, "goal_error": 7.179}
{"step": 10000, "loss": 4.5583, "minade1": 8.266, "minade6": 0.7583, "goal_error": 7.1899}
{"step": 10500, "loss": 4.5709, "minade1": 8.2556, "minade6": 0.7589, "goal_error": 7.2134}
{"step": 11000, "loss": 4.5813, "minade1": 8.3082, "minade6": 0.7596, "goal_error": 7.2334}
{"step": 11500, "loss": 4.5727, "minade1": 8.3073, "minade6": 0.7589, "goal_error": 7.2176}
{"step": 12000, "loss": 4.5687, "minade1": 8.3278, "minade6": 0.7577, "goal_error": 7.2126}
{"step": 12500, "loss": 4.5605, "minade1": 8.355, "minade6": 0.7571, "goal_error": 7.1976}
{"step": 13000, "loss": 4.5506, "minade1": 8.3614, "minade6": 0.757, "goal_error": 7.1785}
{"step": 13500, "loss": 4.5472, "minade1": 8.3499, "minade6": 0.7567, "goal_error": 7.1722}
{"step": 14000, "loss": 4.5619, "minade1": 8.3584, "minade6": 0.7561, "goal_error": 7.2028}
{"step": 14500, "loss": 4.5564, "minade1": 8.3725, "minade6": 0.7553, "goal_error": 7.1941}
{"step": 15000, "loss": 4.5488, "minade1": 8.3976, "minade6": 0.7551, "goal_error": 7.1798}
{"step": 15500, "loss": 4.5624, "minade1": 8.4347, "minade6": 0.7548, "goal_error": 7.2077}
{"step": 16000, "loss": 4.5622, "minade1": 8.4514, "minade6": 0.7553, "goal_error": 7.2062}
{"step": 16500, "loss": 4.5675, "minade1": 8.4561, "minade6": 0.7567, "goal_error": 7.2136}
{"step": 17000, "loss": 4.5576, "minade1": 8.4671, "minade6": 0.7565, "goal_error": 7.1941}
{"step": 17500, "loss": 4.5683, "minade1": 8.4486, "minade6": 0.7562, "goal_error": 7.2161}
{"epoch": 26, "train_loss": 4.571693860146197, "train_minade1": 8.446985673605415, "train_minade6": 0.756251909341458, "train_goal_error": 7.222577043504158, "train_steps": 17622, "train_seconds": 1170.7165710926056, "val_loss": 5.191883611032882, "val_minade1": 7.966454440288329, "val_minade6": 0.8360604699930289, "val_goal_error": 8.29553715339944, "val_steps": 1869, "val_seconds": 119.477534532547}
{"step": 500, "loss": 4.1897, "minade1": 8.1847, "minade6": 0.7129, "goal_error": 6.5595}
{"step": 1000, "loss": 4.3313, "minade1": 7.9982, "minade6": 0.7411, "goal_error": 6.7738}
{"step": 1500, "loss": 4.4358, "minade1": 8.1634, "minade6": 0.7395, "goal_error": 6.9861}
{"step": 2000, "loss": 4.4672, "minade1": 8.1917, "minade6": 0.7354, "goal_error": 7.0601}
{"step": 2500, "loss": 4.4601, "minade1": 8.2329, "minade6": 0.7321, "goal_error": 7.0515}
{"step": 3000, "loss": 4.4992, "minade1": 8.2164, "minade6": 0.7369, "goal_error": 7.1188}
{"step": 3500, "loss": 4.5334, "minade1": 8.207, "minade6": 0.7379, "goal_error": 7.1827}
{"step": 4000, "loss": 4.5027, "minade1": 8.2965, "minade6": 0.7401, "goal_error": 7.118}
{"step": 4500, "loss": 4.497, "minade1": 8.3612, "minade6": 0.744, "goal_error": 7.0991}
{"step": 5000, "loss": 4.5146, "minade1": 8.3424, "minade6": 0.7439, "goal_error": 7.1341}
{"step": 5500, "loss": 4.5201, "minade1": 8.3363, "minade6": 0.7438, "goal_error": 7.1439}
{"step": 6000, "loss": 4.5297, "minade1": 8.3862, "minade6": 0.7483, "goal_error": 7.1543}
{"step": 6500, "loss": 4.511, "minade1": 8.3971, "minade6": 0.7459, "goal_error": 7.1227}
{"step": 7000, "loss": 4.4943, "minade1": 8.3642, "minade6": 0.7461, "goal_error": 7.0885}
{"step": 7500, "loss": 4.492, "minade1": 8.3586, "minade6": 0.7466, "goal_error": 7.0825}
{"step": 8000, "loss": 4.4801, "minade1": 8.3534, "minade6": 0.7457, "goal_error": 7.0606}
{"step": 8500, "loss": 4.4858, "minade1": 8.3301, "minade6": 0.7458, "goal_error": 7.0711}
{"step": 9000, "loss": 4.5008, "minade1": 8.3305, "minade6": 0.7468, "goal_error": 7.099}
{"step": 9500, "loss": 4.5072, "minade1": 8.3469, "minade6": 0.7464, "goal_error": 7.1127}
{"step": 10000, "loss": 4.5134, "minade1": 8.3907, "minade6": 0.748, "goal_error": 7.1211}
{"step": 10500, "loss": 4.5209, "minade1": 8.409, "minade6": 0.7486, "goal_error": 7.135}
{"step": 11000, "loss": 4.5383, "minade1": 8.4398, "minade6": 0.7504, "goal_error": 7.1658}
{"step": 11500, "loss": 4.5297, "minade1": 8.4422, "minade6": 0.7506, "goal_error": 7.1479}
{"step": 12000, "loss": 4.5155, "minade1": 8.4341, "minade6": 0.7495, "goal_error": 7.122}
{"step": 12500, "loss": 4.5074, "minade1": 8.4232, "minade6": 0.7502, "goal_error": 7.1039}
{"step": 13000, "loss": 4.4982, "minade1": 8.4224, "minade6": 0.7493, "goal_error": 7.0872}
{"step": 13500, "loss": 4.5042, "minade1": 8.4224, "minade6": 0.7497, "goal_error": 7.0979}
{"step": 14000, "loss": 4.5004, "minade1": 8.4207, "minade6": 0.7494, "goal_error": 7.0909}
{"step": 14500, "loss": 4.5013, "minade1": 8.4103, "minade6": 0.7495, "goal_error": 7.0922}
{"step": 15000, "loss": 4.4989, "minade1": 8.4137, "minade6": 0.7503, "goal_error": 7.0859}
{"step": 15500, "loss": 4.5103, "minade1": 8.4101, "minade6": 0.7507, "goal_error": 7.1075}
{"step": 16000, "loss": 4.5141, "minade1": 8.3986, "minade6": 0.7498, "goal_error": 7.1172}
{"step": 16500, "loss": 4.5116, "minade1": 8.3823, "minade6": 0.7496, "goal_error": 7.1126}
{"step": 17000, "loss": 4.5162, "minade1": 8.3847, "minade6": 0.7512, "goal_error": 7.1185}
{"step": 17500, "loss": 4.5217, "minade1": 8.4027, "minade6": 0.7509, "goal_error": 7.1301}
{"epoch": 27, "train_loss": 4.522823013777922, "train_minade1": 8.407836574496645, "train_minade6": 0.7509602027252992, "train_goal_error": 7.13219581764065, "train_steps": 17622, "train_seconds": 1241.9656257629395, "val_loss": 5.186519432380405, "val_minade1": 10.356035488566464, "val_minade6": 0.9262391302770491, "val_goal_error": 8.053937878011222, "val_steps": 1869, "val_seconds": 134.95688605308533}
{"step": 500, "loss": 4.2237, "minade1": 9.3555, "minade6": 0.7104, "goal_error": 6.6365}
{"step": 1000, "loss": 4.3343, "minade1": 8.8384, "minade6": 0.7374, "goal_error": 6.7902}
{"step": 1500, "loss": 4.3886, "minade1": 8.5226, "minade6": 0.734, "goal_error": 6.9051}
{"step": 2000, "loss": 4.4897, "minade1": 8.5284, "minade6": 0.74, "goal_error": 7.0905}
{"step": 2500, "loss": 4.4694, "minade1": 8.5964, "minade6": 0.7466, "goal_error": 7.0369}
{"step": 3000, "loss": 4.4866, "minade1": 8.5834, "minade6": 0.7481, "goal_error": 7.0676}
{"step": 3500, "loss": 4.4574, "minade1": 8.5328, "minade6": 0.7512, "goal_error": 7.0026}
{"step": 4000, "loss": 4.4626, "minade1": 8.5229, "minade6": 0.7504, "goal_error": 7.0152}
{"step": 4500, "loss": 4.5087, "minade1": 8.4995, "minade6": 0.7511, "goal_error": 7.1052}
{"step": 5000, "loss": 4.528, "minade1": 8.5385, "minade6": 0.7512, "goal_error": 7.144}
{"step": 5500, "loss": 4.4908, "minade1": 8.5266, "minade6": 0.7497, "goal_error": 7.0729}
{"step": 6000, "loss": 4.4653, "minade1": 8.4756, "minade6": 0.7481, "goal_error": 7.0249}
{"step": 6500, "loss": 4.4614, "minade1": 8.5184, "minade6": 0.7475, "goal_error": 7.0189}
{"step": 7000, "loss": 4.4653, "minade1": 8.5096, "minade6": 0.7486, "goal_error": 7.0247}
{"step": 7500, "loss": 4.4668, "minade1": 8.518, "minade6": 0.7481, "goal_error": 7.0295}
{"step": 8000, "loss": 4.4632, "minade1": 8.5321, "minade6": 0.7483, "goal_error": 7.0222}
{"step": 8500, "loss": 4.4696, "minade1": 8.5139, "minade6": 0.7485, "goal_error": 7.0337}
{"step": 9000, "loss": 4.455, "minade1": 8.4939, "minade6": 0.7481, "goal_error": 7.0058}
{"step": 9500, "loss": 4.4645, "minade1": 8.4947, "minade6": 0.749, "goal_error": 7.0227}
{"step": 10000, "loss": 4.4581, "minade1": 8.4661, "minade6": 0.749, "goal_error": 7.0097}
{"step": 10500, "loss": 4.4567, "minade1": 8.449, "minade6": 0.7492, "goal_error": 7.0064}
{"step": 11000, "loss": 4.4577, "minade1": 8.4691, "minade6": 0.7488, "goal_error": 7.0093}
{"step": 11500, "loss": 4.4601, "minade1": 8.4562, "minade6": 0.7483, "goal_error": 7.0146}
{"step": 12000, "loss": 4.465, "minade1": 8.4591, "minade6": 0.7473, "goal_error": 7.0262}
{"step": 12500, "loss": 4.476, "minade1": 8.4717, "minade6": 0.7481, "goal_error": 7.0466}
{"step": 13000, "loss": 4.4714, "minade1": 8.471, "minade6": 0.7471, "goal_error": 7.0395}
{"step": 13500, "loss": 4.4721, "minade1": 8.4503, "minade6": 0.7464, "goal_error": 7.0419}
{"step": 14000, "loss": 4.4913, "minade1": 8.431, "minade6": 0.7463, "goal_error": 7.08}
{"step": 14500, "loss": 4.4821, "minade1": 8.4141, "minade6": 0.7455, "goal_error": 7.0629}
{"step": 15000, "loss": 4.4948, "minade1": 8.4012, "minade6": 0.7456, "goal_error": 7.0877}
{"step": 15500, "loss": 4.5116, "minade1": 8.3943, "minade6": 0.7456, "goal_error": 7.1209}
{"step": 16000, "loss": 4.5147, "minade1": 8.3921, "minade6": 0.7449, "goal_error": 7.1285}
{"step": 16500, "loss": 4.5159, "minade1": 8.3965, "minade6": 0.745, "goal_error": 7.1309}
{"step": 17000, "loss": 4.519, "minade1": 8.3942, "minade6": 0.7453, "goal_error": 7.1366}
{"step": 17500, "loss": 4.5275, "minade1": 8.3875, "minade6": 0.747, "goal_error": 7.1497}
{"epoch": 28, "train_loss": 4.5254332609115275, "train_minade1": 8.383952652483979, "train_minade6": 0.7468170167043452, "train_goal_error": 7.145942337216219, "train_steps": 17622, "train_seconds": 1392.2657170295715, "val_loss": 5.222489421247415, "val_minade1": 8.240827314224774, "val_minade6": 0.8299107397340911, "val_goal_error": 8.352490327964299, "val_steps": 1869, "val_seconds": 135.25764417648315}
{"step": 500, "loss": 4.2015, "minade1": 8.1957, "minade6": 0.7255, "goal_error": 6.5375}
{"step": 1000, "loss": 4.3568, "minade1": 8.4952, "minade6": 0.7471, "goal_error": 6.807}
{"step": 1500, "loss": 4.4251, "minade1": 8.6614, "minade6": 0.7402, "goal_error": 6.96}
{"step": 2000, "loss": 4.4961, "minade1": 8.6881, "minade6": 0.7507, "goal_error": 7.0793}
{"step": 2500, "loss": 4.5421, "minade1": 8.6662, "minade6": 0.7533, "goal_error": 7.1667}
{"step": 3000, "loss": 4.5832, "minade1": 8.6223, "minade6": 0.7477, "goal_error": 7.2609}
{"step": 3500, "loss": 4.5638, "minade1": 8.5703, "minade6": 0.7438, "goal_error": 7.2302}
{"step": 4000, "loss": 4.5083, "minade1": 8.5254, "minade6": 0.7392, "goal_error": 7.1296}
{"step": 4500, "loss": 4.513, "minade1": 8.5025, "minade6": 0.7439, "goal_error": 7.1289}
{"step": 5000, "loss": 4.5379, "minade1": 8.4971, "minade6": 0.7469, "goal_error": 7.1722}
{"step": 5500, "loss": 4.5208, "minade1": 8.4959, "minade6": 0.7461, "goal_error": 7.1396}
{"step": 6000, "loss": 4.5038, "minade1": 8.4592, "minade6": 0.7462, "goal_error": 7.1054}
{"step": 6500, "loss": 4.4832, "minade1": 8.4299, "minade6": 0.7449, "goal_error": 7.0667}
{"step": 7000, "loss": 4.4824, "minade1": 8.4525, "minade6": 0.7427, "goal_error": 7.0701}
{"step": 7500, "loss": 4.4761, "minade1": 8.4268, "minade6": 0.7431, "goal_error": 7.0561}
{"step": 8000, "loss": 4.4641, "minade1": 8.4199, "minade6": 0.7426, "goal_error": 7.0329}
{"step": 8500, "loss": 4.4802, "minade1": 8.4126, "minade6": 0.742, "goal_error": 7.0657}
{"step": 9000, "loss": 4.4948, "minade1": 8.417, "minade6": 0.7413, "goal_error": 7.0955}
{"step": 9500, "loss": 4.5035, "minade1": 8.4178, "minade6": 0.7417, "goal_error": 7.1111}
{"step": 10000, "loss": 4.4972, "minade1": 8.4192, "minade6": 0.7402, "goal_error": 7.1018}
{"step": 10500, "loss": 4.4938, "minade1": 8.4135, "minade6": 0.7407, "goal_error": 7.0937}
{"step": 11000, "loss": 4.4898, "minade1": 8.3954, "minade6": 0.7406, "goal_error": 7.0862}
{"step": 11500, "loss": 4.4855, "minade1": 8.3933, "minade6": 0.7424, "goal_error": 7.0736}
{"step": 12000, "loss": 4.4876, "minade1": 8.3975, "minade6": 0.7426, "goal_error": 7.0773}
{"step": 12500, "loss": 4.4975, "minade1": 8.4, "minade6": 0.7424, "goal_error": 7.0979}
{"step": 13000, "loss": 4.4967, "minade1": 8.3837, "minade6": 0.7415, "goal_error": 7.098}
{"step": 13500, "loss": 4.4813, "minade1": 8.3867, "minade6": 0.7404, "goal_error": 7.0699}
{"step": 14000, "loss": 4.4844, "minade1": 8.3962, "minade6": 0.7415, "goal_error": 7.0741}
{"step": 14500, "loss": 4.4802, "minade1": 8.3902, "minade6": 0.7417, "goal_error": 7.0654}
{"step": 15000, "loss": 4.491, "minade1": 8.3872, "minade6": 0.7426, "goal_error": 7.0854}
{"step": 15500, "loss": 4.4907, "minade1": 8.394, "minade6": 0.7426, "goal_error": 7.085}
{"step": 16000, "loss": 4.4939, "minade1": 8.3998, "minade6": 0.7428, "goal_error": 7.0911}
{"step": 16500, "loss": 4.5027, "minade1": 8.394, "minade6": 0.7428, "goal_error": 7.1086}
{"step": 17000, "loss": 4.5026, "minade1": 8.4116, "minade6": 0.7419, "goal_error": 7.1106}
{"step": 17500, "loss": 4.4954, "minade1": 8.3872, "minade6": 0.7413, "goal_error": 7.0968}
{"epoch": 29, "train_loss": 4.498183118527616, "train_minade1": 8.386672497823904, "train_minade6": 0.7418651641949533, "train_goal_error": 7.1011076535266, "train_steps": 17622, "train_seconds": 1206.4105083942413, "val_loss": 5.202512636218657, "val_minade1": 9.416412279017791, "val_minade6": 0.8286692625705956, "val_goal_error": 8.310275728018519, "val_steps": 1869, "val_seconds": 120.19561791419983}
{"step": 500, "loss": 4.3966, "minade1": 7.8992, "minade6": 0.7408, "goal_error": 6.8969}
{"step": 1000, "loss": 4.2864, "minade1": 7.7724, "minade6": 0.7516, "goal_error": 6.6553}
{"step": 1500, "loss": 4.373, "minade1": 7.8794, "minade6": 0.7382, "goal_error": 6.8613}
{"step": 2000, "loss": 4.4173, "minade1": 8.1494, "minade6": 0.7303, "goal_error": 6.9685}
{"step": 2500, "loss": 4.4673, "minade1": 8.2657, "minade6": 0.7312, "goal_error": 7.0671}
{"step": 3000, "loss": 4.4341, "minade1": 8.3296, "minade6": 0.731, "goal_error": 6.9995}
{"step": 3500, "loss": 4.4364, "minade1": 8.3493, "minade6": 0.7305, "goal_error": 7.0044}
{"step": 4000, "loss": 4.4571, "minade1": 8.3306, "minade6": 0.7363, "goal_error": 7.0335}
{"step": 4500, "loss": 4.4159, "minade1": 8.3353, "minade6": 0.7338, "goal_error": 6.9587}
{"step": 5000, "loss": 4.4351, "minade1": 8.4013, "minade6": 0.7365, "goal_error": 6.9915}
{"step": 5500, "loss": 4.4411, "minade1": 8.4242, "minade6": 0.7368, "goal_error": 7.0034}
{"step": 6000, "loss": 4.4361, "minade1": 8.4827, "minade6": 0.737, "goal_error": 6.9928}
{"step": 6500, "loss": 4.4243, "minade1": 8.4722, "minade6": 0.738, "goal_error": 6.967}
{"step": 7000, "loss": 4.4216, "minade1": 8.4299, "minade6": 0.7384, "goal_error": 6.9602}
{"step": 7500, "loss": 4.4391, "minade1": 8.4398, "minade6": 0.7373, "goal_error": 6.9968}
{"step": 8000, "loss": 4.4381, "minade1": 8.4196, "minade6": 0.7363, "goal_error": 6.9966}
{"step": 8500, "loss": 4.4363, "minade1": 8.4172, "minade6": 0.7373, "goal_error": 6.9913}
{"step": 9000, "loss": 4.4386, "minade1": 8.3804, "minade6": 0.7376, "goal_error": 6.9956}
{"step": 9500, "loss": 4.4316, "minade1": 8.4191, "minade6": 0.7372, "goal_error": 6.9821}
{"step": 10000, "loss": 4.4457, "minade1": 8.3792, "minade6": 0.7365, "goal_error": 7.0112}
{"step": 10500, "loss": 4.4427, "minade1": 8.3479, "minade6": 0.7361, "goal_error": 7.0054}
{"step": 11000, "loss": 4.4646, "minade1": 8.3599, "minade6": 0.7376, "goal_error": 7.0459}
{"step": 11500, "loss": 4.4599, "minade1": 8.3529, "minade6": 0.7374, "goal_error": 7.0368}
{"step": 12000, "loss": 4.4645, "minade1": 8.3589, "minade6": 0.7366, "goal_error": 7.0479}
{"step": 12500, "loss": 4.4566, "minade1": 8.3852, "minade6": 0.7361, "goal_error": 7.0334}
{"step": 13000, "loss": 4.4603, "minade1": 8.3887, "minade6": 0.7368, "goal_error": 7.039}
{"step": 13500, "loss": 4.4594, "minade1": 8.3698, "minade6": 0.7369, "goal_error": 7.0367}
{"step": 14000, "loss": 4.4667, "minade1": 8.3756, "minade6": 0.738, "goal_error": 7.0487}
{"step": 14500, "loss": 4.4652, "minade1": 8.3802, "minade6": 0.7379, "goal_error": 7.0457}
{"step": 15000, "loss": 4.465, "minade1": 8.3709, "minade6": 0.7376, "goal_error": 7.0456}
{"step": 15500, "loss": 4.4718, "minade1": 8.3621, "minade6": 0.7376, "goal_error": 7.0586}
{"step": 16000, "loss": 4.4722, "minade1": 8.3495, "minade6": 0.7377, "goal_error": 7.0584}
{"step": 16500, "loss": 4.4665, "minade1": 8.3514, "minade6": 0.7376, "goal_error": 7.0472}
{"step": 17000, "loss": 4.4612, "minade1": 8.356, "minade6": 0.7374, "goal_error": 7.0367}
{"step": 17500, "loss": 4.4682, "minade1": 8.3549, "minade6": 0.7374, "goal_error": 7.0504}
{"epoch": 30, "train_loss": 4.467499985233509, "train_minade1": 8.355461563388628, "train_minade6": 0.7375266986899395, "train_goal_error": 7.0487457669253715, "train_steps": 17622, "train_seconds": 1167.0993881225586, "val_loss": 5.280817873177999, "val_minade1": 9.233566401539287, "val_minade6": 0.86301099809077, "val_goal_error": 8.389106764503964, "val_steps": 1869, "val_seconds": 119.0290355682373}
{"step": 500, "loss": 4.124, "minade1": 8.4196, "minade6": 0.738, "goal_error": 6.3525}
{"step": 1000, "loss": 4.1794, "minade1": 8.1542, "minade6": 0.7239, "goal_error": 6.4874}
{"step": 1500, "loss": 4.1551, "minade1": 8.0773, "minade6": 0.7189, "goal_error": 6.4512}
{"step": 2000, "loss": 4.2946, "minade1": 8.1984, "minade6": 0.7244, "goal_error": 6.7237}
{"step": 2500, "loss": 4.3239, "minade1": 8.3227, "minade6": 0.7279, "goal_error": 6.7748}
{"step": 3000, "loss": 4.3678, "minade1": 8.356, "minade6": 0.7234, "goal_error": 6.8741}
{"step": 3500, "loss": 4.3813, "minade1": 8.2627, "minade6": 0.7221, "goal_error": 6.9035}
{"step": 4000, "loss": 4.38, "minade1": 8.218, "minade6": 0.7212, "goal_error": 6.9034}
{"step": 4500, "loss": 4.4191, "minade1": 8.2504, "minade6": 0.7227, "goal_error": 6.9786}
{"step": 5000, "loss": 4.4596, "minade1": 8.3088, "minade6": 0.725, "goal_error": 7.0548}
{"step": 5500, "loss": 4.428, "minade1": 8.2713, "minade6": 0.7248, "goal_error": 6.9922}
{"step": 6000, "loss": 4.4361, "minade1": 8.2441, "minade6": 0.7253, "goal_error": 7.0073}
{"step": 6500, "loss": 4.4293, "minade1": 8.2157, "minade6": 0.7253, "goal_error": 6.9933}
{"step": 7000, "loss": 4.4273, "minade1": 8.1972, "minade6": 0.724, "goal_error": 6.9928}
{"step": 7500, "loss": 4.4234, "minade1": 8.1666, "minade6": 0.7266, "goal_error": 6.979}
{"step": 8000, "loss": 4.441, "minade1": 8.1568, "minade6": 0.7272, "goal_error": 7.0125}
{"step": 8500, "loss": 4.4829, "minade1": 8.1504, "minade6": 0.7293, "goal_error": 7.0921}
{"step": 9000, "loss": 4.5024, "minade1": 8.1273, "minade6": 0.7298, "goal_error": 7.1302}
{"step": 9500, "loss": 4.4996, "minade1": 8.1428, "minade6": 0.73, "goal_error": 7.1244}
{"step": 10000, "loss": 4.4821, "minade1": 8.142, "minade6": 0.7294, "goal_error": 7.091}
{"step": 10500, "loss": 4.4756, "minade1": 8.1529, "minade6": 0.7294, "goal_error": 7.0779}
{"step": 11000, "loss": 4.4739, "minade1": 8.1611, "minade6": 0.7293, "goal_error": 7.0749}
{"step": 11500, "loss": 4.4691, "minade1": 8.1507, "minade6": 0.7299, "goal_error": 7.0641}
{"step": 12000, "loss": 4.4621, "minade1": 8.1828, "minade6": 0.7323, "goal_error": 7.0448}
{"step": 12500, "loss": 4.4679, "minade1": 8.1728, "minade6": 0.7333, "goal_error": 7.054}
{"step": 13000, "loss": 4.4626, "minade1": 8.1862, "minade6": 0.7332, "goal_error": 7.0445}
{"step": 13500, "loss": 4.4623, "minade1": 8.1885, "minade6": 0.7332, "goal_error": 7.044}
{"step": 14000, "loss": 4.4767, "minade1": 8.1944, "minade6": 0.7344, "goal_error": 7.0703}
{"step": 14500, "loss": 4.4772, "minade1": 8.1893, "minade6": 0.7349, "goal_error": 7.0704}
{"step": 15000, "loss": 4.4739, "minade1": 8.2123, "minade6": 0.7344, "goal_error": 7.0653}
{"step": 15500, "loss": 4.4788, "minade1": 8.2302, "minade6": 0.7342, "goal_error": 7.076}
{"step": 16000, "loss": 4.4658, "minade1": 8.2457, "minade6": 0.7336, "goal_error": 7.0514}
{"step": 16500, "loss": 4.4584, "minade1": 8.2568, "minade6": 0.7336, "goal_error": 7.0367}
{"step": 17000, "loss": 4.4648, "minade1": 8.2548, "minade6": 0.7328, "goal_error": 7.051}
{"step": 17500, "loss": 4.4619, "minade1": 8.2613, "minade6": 0.7333, "goal_error": 7.0441}
{"epoch": 31, "train_loss": 4.466053274420499, "train_minade1": 8.266486610900584, "train_minade6": 0.7336201447874711, "train_goal_error": 7.051895292883504, "train_steps": 17622, "train_seconds": 1166.2482314109802, "val_loss": 5.230310222547583, "val_minade1": 8.21379478683186, "val_minade6": 0.8347675229052511, "val_goal_error": 8.349383993326937, "val_steps": 1869, "val_seconds": 120.05068373680115}
{"status": "completed", "epochs": 20, "best_minade6": 0.8286692625705956}
